"id","true","output"
1,"1:won","1:won"
2,"1:won","1:won"
3,"1:won","1:won"
4,"1:won","1:won"
5,"1:won","1:won"
6,"1:won","1:won"
7,"1:won","2:nowin"
8,"1:won","1:won"
9,"1:won","1:won"
10,"1:won","1:won"
11,"1:won","1:won"
12,"1:won","1:won"
13,"1:won","1:won"
14,"1:won","1:won"
15,"1:won","1:won"
16,"1:won","1:won"
17,"1:won","1:won"
18,"1:won","1:won"
19,"1:won","1:won"
20,"1:won","1:won"
21,"1:won","1:won"
22,"1:won","1:won"
23,"1:won","1:won"
24,"1:won","1:won"
25,"1:won","1:won"
26,"1:won","1:won"
27,"1:won","1:won"
28,"1:won","1:won"
29,"1:won","1:won"
30,"1:won","1:won"
31,"1:won","1:won"
32,"1:won","1:won"
33,"1:won","1:won"
34,"1:won","1:won"
35,"1:won","1:won"
36,"1:won","1:won"
37,"1:won","1:won"
38,"1:won","1:won"
39,"1:won","1:won"
40,"1:won","1:won"
41,"1:won","1:won"
42,"1:won","1:won"
43,"1:won","1:won"
44,"1:won","1:won"
45,"1:won","1:won"
46,"1:won","1:won"
47,"1:won","1:won"
48,"1:won","1:won"
49,"1:won","1:won"
50,"1:won","1:won"
51,"1:won","1:won"
52,"1:won","1:won"
53,"1:won","1:won"
54,"1:won","1:won"
55,"1:won","1:won"
56,"1:won","1:won"
57,"1:won","1:won"
58,"1:won","1:won"
59,"1:won","1:won"
60,"1:won","1:won"
61,"1:won","1:won"
62,"1:won","1:won"
63,"1:won","2:nowin"
64,"1:won","1:won"
65,"1:won","2:nowin"
66,"1:won","1:won"
67,"1:won","1:won"
68,"1:won","1:won"
69,"1:won","1:won"
70,"1:won","1:won"
71,"1:won","1:won"
72,"1:won","1:won"
73,"1:won","1:won"
74,"1:won","1:won"
75,"1:won","1:won"
76,"1:won","1:won"
77,"1:won","1:won"
78,"1:won","1:won"
79,"1:won","1:won"
80,"1:won","1:won"
81,"1:won","1:won"
82,"1:won","1:won"
83,"1:won","1:won"
84,"1:won","1:won"
85,"1:won","1:won"
86,"1:won","1:won"
87,"1:won","1:won"
88,"1:won","1:won"
89,"1:won","1:won"
90,"1:won","2:nowin"
91,"1:won","1:won"
92,"1:won","2:nowin"
93,"1:won","1:won"
94,"1:won","1:won"
95,"1:won","1:won"
96,"1:won","1:won"
97,"1:won","1:won"
98,"1:won","1:won"
99,"1:won","1:won"
100,"1:won","1:won"
101,"1:won","1:won"
102,"1:won","1:won"
103,"1:won","1:won"
104,"1:won","1:won"
105,"1:won","1:won"
106,"1:won","1:won"
107,"1:won","1:won"
108,"1:won","1:won"
109,"1:won","1:won"
110,"1:won","1:won"
111,"1:won","1:won"
112,"1:won","1:won"
113,"1:won","1:won"
114,"1:won","1:won"
115,"1:won","1:won"
116,"1:won","2:nowin"
117,"1:won","1:won"
118,"1:won","1:won"
119,"1:won","1:won"
120,"1:won","1:won"
121,"1:won","1:won"
122,"1:won","1:won"
123,"1:won","1:won"
124,"1:won","1:won"
125,"1:won","1:won"
126,"1:won","1:won"
127,"1:won","1:won"
128,"1:won","1:won"
129,"1:won","1:won"
130,"1:won","1:won"
131,"1:won","1:won"
132,"1:won","1:won"
133,"1:won","2:nowin"
134,"1:won","1:won"
135,"1:won","2:nowin"
136,"1:won","1:won"
137,"1:won","1:won"
138,"1:won","1:won"
139,"1:won","1:won"
140,"1:won","2:nowin"
141,"1:won","1:won"
142,"1:won","1:won"
143,"1:won","1:won"
144,"1:won","1:won"
145,"1:won","1:won"
146,"1:won","1:won"
147,"1:won","1:won"
148,"1:won","1:won"
149,"1:won","1:won"
150,"1:won","2:nowin"
151,"1:won","1:won"
152,"1:won","1:won"
153,"1:won","1:won"
154,"1:won","1:won"
155,"1:won","1:won"
156,"1:won","1:won"
157,"1:won","1:won"
158,"1:won","1:won"
159,"1:won","1:won"
160,"1:won","1:won"
161,"1:won","1:won"
162,"1:won","1:won"
163,"1:won","1:won"
164,"1:won","1:won"
165,"1:won","1:won"
166,"1:won","1:won"
167,"1:won","1:won"
168,"2:nowin","1:won"
169,"2:nowin","2:nowin"
170,"2:nowin","2:nowin"
171,"2:nowin","1:won"
172,"2:nowin","2:nowin"
173,"2:nowin","2:nowin"
174,"2:nowin","2:nowin"
175,"2:nowin","2:nowin"
176,"2:nowin","2:nowin"
177,"2:nowin","2:nowin"
178,"2:nowin","2:nowin"
179,"2:nowin","2:nowin"
180,"2:nowin","2:nowin"
181,"2:nowin","2:nowin"
182,"2:nowin","2:nowin"
183,"2:nowin","2:nowin"
184,"2:nowin","2:nowin"
185,"2:nowin","2:nowin"
186,"2:nowin","2:nowin"
187,"2:nowin","2:nowin"
188,"2:nowin","2:nowin"
189,"2:nowin","2:nowin"
190,"2:nowin","2:nowin"
191,"2:nowin","2:nowin"
192,"2:nowin","2:nowin"
193,"2:nowin","2:nowin"
194,"2:nowin","2:nowin"
195,"2:nowin","2:nowin"
196,"2:nowin","2:nowin"
197,"2:nowin","2:nowin"
198,"2:nowin","2:nowin"
199,"2:nowin","2:nowin"
200,"2:nowin","1:won"
201,"2:nowin","2:nowin"
202,"2:nowin","2:nowin"
203,"2:nowin","2:nowin"
204,"2:nowin","2:nowin"
205,"2:nowin","2:nowin"
206,"2:nowin","2:nowin"
207,"2:nowin","2:nowin"
208,"2:nowin","2:nowin"
209,"2:nowin","2:nowin"
210,"2:nowin","2:nowin"
211,"2:nowin","2:nowin"
212,"2:nowin","2:nowin"
213,"2:nowin","2:nowin"
214,"2:nowin","1:won"
215,"2:nowin","2:nowin"
216,"2:nowin","2:nowin"
217,"2:nowin","2:nowin"
218,"2:nowin","2:nowin"
219,"2:nowin","2:nowin"
220,"2:nowin","2:nowin"
221,"2:nowin","2:nowin"
222,"2:nowin","2:nowin"
223,"2:nowin","2:nowin"
224,"2:nowin","2:nowin"
225,"2:nowin","2:nowin"
226,"2:nowin","2:nowin"
227,"2:nowin","2:nowin"
228,"2:nowin","2:nowin"
229,"2:nowin","2:nowin"
230,"2:nowin","2:nowin"
231,"2:nowin","2:nowin"
232,"2:nowin","2:nowin"
233,"2:nowin","2:nowin"
234,"2:nowin","1:won"
235,"2:nowin","2:nowin"
236,"2:nowin","2:nowin"
237,"2:nowin","2:nowin"
238,"2:nowin","2:nowin"
239,"2:nowin","2:nowin"
240,"2:nowin","1:won"
241,"2:nowin","1:won"
242,"2:nowin","2:nowin"
243,"2:nowin","2:nowin"
244,"2:nowin","2:nowin"
245,"2:nowin","2:nowin"
246,"2:nowin","2:nowin"
247,"2:nowin","2:nowin"
248,"2:nowin","2:nowin"
249,"2:nowin","1:won"
250,"2:nowin","2:nowin"
251,"2:nowin","2:nowin"
252,"2:nowin","2:nowin"
253,"2:nowin","2:nowin"
254,"2:nowin","2:nowin"
255,"2:nowin","2:nowin"
256,"2:nowin","2:nowin"
257,"2:nowin","1:won"
258,"2:nowin","2:nowin"
259,"2:nowin","2:nowin"
260,"2:nowin","2:nowin"
261,"2:nowin","2:nowin"
262,"2:nowin","1:won"
263,"2:nowin","2:nowin"
264,"2:nowin","2:nowin"
265,"2:nowin","2:nowin"
266,"2:nowin","2:nowin"
267,"2:nowin","2:nowin"
268,"2:nowin","2:nowin"
269,"2:nowin","2:nowin"
270,"2:nowin","2:nowin"
271,"2:nowin","2:nowin"
272,"2:nowin","2:nowin"
273,"2:nowin","2:nowin"
274,"2:nowin","1:won"
275,"2:nowin","2:nowin"
276,"2:nowin","2:nowin"
277,"2:nowin","1:won"
278,"2:nowin","2:nowin"
279,"2:nowin","2:nowin"
280,"2:nowin","2:nowin"
281,"2:nowin","1:won"
282,"2:nowin","1:won"
283,"2:nowin","1:won"
284,"2:nowin","2:nowin"
285,"2:nowin","2:nowin"
286,"2:nowin","2:nowin"
287,"2:nowin","2:nowin"
288,"2:nowin","2:nowin"
289,"2:nowin","2:nowin"
290,"2:nowin","2:nowin"
291,"2:nowin","1:won"
292,"2:nowin","1:won"
293,"2:nowin","2:nowin"
294,"2:nowin","2:nowin"
295,"2:nowin","2:nowin"
296,"2:nowin","2:nowin"
297,"2:nowin","1:won"
298,"2:nowin","2:nowin"
299,"2:nowin","2:nowin"
300,"2:nowin","1:won"
301,"2:nowin","2:nowin"
302,"2:nowin","2:nowin"
303,"2:nowin","2:nowin"
304,"2:nowin","2:nowin"
305,"2:nowin","2:nowin"
306,"2:nowin","2:nowin"
307,"2:nowin","2:nowin"
308,"2:nowin","2:nowin"
309,"2:nowin","2:nowin"
310,"2:nowin","1:won"
311,"2:nowin","2:nowin"
312,"2:nowin","2:nowin"
313,"2:nowin","1:won"
314,"2:nowin","2:nowin"
315,"2:nowin","2:nowin"
316,"2:nowin","2:nowin"
317,"2:nowin","2:nowin"
318,"2:nowin","2:nowin"
319,"2:nowin","2:nowin"
320,"2:nowin","2:nowin"
321,"1:won","1:won"
322,"1:won","1:won"
323,"1:won","1:won"
324,"1:won","1:won"
325,"1:won","1:won"
326,"1:won","1:won"
327,"1:won","1:won"
328,"1:won","1:won"
329,"1:won","1:won"
330,"1:won","1:won"
331,"1:won","2:nowin"
332,"1:won","1:won"
333,"1:won","1:won"
334,"1:won","1:won"
335,"1:won","1:won"
336,"1:won","1:won"
337,"1:won","1:won"
338,"1:won","2:nowin"
339,"1:won","2:nowin"
340,"1:won","1:won"
341,"1:won","1:won"
342,"1:won","1:won"
343,"1:won","1:won"
344,"1:won","1:won"
345,"1:won","1:won"
346,"1:won","1:won"
347,"1:won","1:won"
348,"1:won","1:won"
349,"1:won","1:won"
350,"1:won","1:won"
351,"1:won","2:nowin"
352,"1:won","1:won"
353,"1:won","1:won"
354,"1:won","2:nowin"
355,"1:won","2:nowin"
356,"1:won","1:won"
357,"1:won","1:won"
358,"1:won","1:won"
359,"1:won","1:won"
360,"1:won","2:nowin"
361,"1:won","1:won"
362,"1:won","1:won"
363,"1:won","1:won"
364,"1:won","1:won"
365,"1:won","1:won"
366,"1:won","1:won"
367,"1:won","1:won"
368,"1:won","1:won"
369,"1:won","1:won"
370,"1:won","2:nowin"
371,"1:won","1:won"
372,"1:won","1:won"
373,"1:won","2:nowin"
374,"1:won","1:won"
375,"1:won","1:won"
376,"1:won","1:won"
377,"1:won","1:won"
378,"1:won","1:won"
379,"1:won","1:won"
380,"1:won","1:won"
381,"1:won","1:won"
382,"1:won","1:won"
383,"1:won","1:won"
384,"1:won","1:won"
385,"1:won","1:won"
386,"1:won","1:won"
387,"1:won","1:won"
388,"1:won","1:won"
389,"1:won","1:won"
390,"1:won","1:won"
391,"1:won","1:won"
392,"1:won","1:won"
393,"1:won","1:won"
394,"1:won","1:won"
395,"1:won","1:won"
396,"1:won","1:won"
397,"1:won","1:won"
398,"1:won","1:won"
399,"1:won","2:nowin"
400,"1:won","1:won"
401,"1:won","1:won"
402,"1:won","2:nowin"
403,"1:won","1:won"
404,"1:won","1:won"
405,"1:won","1:won"
406,"1:won","1:won"
407,"1:won","1:won"
408,"1:won","1:won"
409,"1:won","1:won"
410,"1:won","1:won"
411,"1:won","1:won"
412,"1:won","1:won"
413,"1:won","1:won"
414,"1:won","1:won"
415,"1:won","1:won"
416,"1:won","1:won"
417,"1:won","2:nowin"
418,"1:won","1:won"
419,"1:won","1:won"
420,"1:won","1:won"
421,"1:won","1:won"
422,"1:won","1:won"
423,"1:won","1:won"
424,"1:won","1:won"
425,"1:won","1:won"
426,"1:won","1:won"
427,"1:won","1:won"
428,"1:won","1:won"
429,"1:won","1:won"
430,"1:won","1:won"
431,"1:won","1:won"
432,"1:won","1:won"
433,"1:won","1:won"
434,"1:won","2:nowin"
435,"1:won","1:won"
436,"1:won","2:nowin"
437,"1:won","1:won"
438,"1:won","2:nowin"
439,"1:won","1:won"
440,"1:won","1:won"
441,"1:won","1:won"
442,"1:won","2:nowin"
443,"1:won","1:won"
444,"1:won","1:won"
445,"1:won","2:nowin"
446,"1:won","1:won"
447,"1:won","1:won"
448,"1:won","2:nowin"
449,"1:won","2:nowin"
450,"1:won","1:won"
451,"1:won","1:won"
452,"1:won","1:won"
453,"1:won","1:won"
454,"1:won","1:won"
455,"1:won","1:won"
456,"1:won","1:won"
457,"1:won","1:won"
458,"1:won","1:won"
459,"1:won","1:won"
460,"1:won","1:won"
461,"1:won","1:won"
462,"1:won","1:won"
463,"1:won","1:won"
464,"1:won","2:nowin"
465,"1:won","1:won"
466,"1:won","1:won"
467,"1:won","1:won"
468,"1:won","1:won"
469,"1:won","1:won"
470,"1:won","2:nowin"
471,"1:won","1:won"
472,"1:won","1:won"
473,"1:won","1:won"
474,"1:won","1:won"
475,"1:won","1:won"
476,"1:won","1:won"
477,"1:won","1:won"
478,"1:won","1:won"
479,"1:won","1:won"
480,"1:won","2:nowin"
481,"1:won","1:won"
482,"1:won","1:won"
483,"1:won","2:nowin"
484,"1:won","1:won"
485,"1:won","1:won"
486,"1:won","1:won"
487,"1:won","1:won"
488,"2:nowin","2:nowin"
489,"2:nowin","2:nowin"
490,"2:nowin","2:nowin"
491,"2:nowin","2:nowin"
492,"2:nowin","2:nowin"
493,"2:nowin","2:nowin"
494,"2:nowin","2:nowin"
495,"2:nowin","2:nowin"
496,"2:nowin","2:nowin"
497,"2:nowin","2:nowin"
498,"2:nowin","2:nowin"
499,"2:nowin","2:nowin"
500,"2:nowin","2:nowin"
501,"2:nowin","2:nowin"
502,"2:nowin","2:nowin"
503,"2:nowin","2:nowin"
504,"2:nowin","2:nowin"
505,"2:nowin","2:nowin"
506,"2:nowin","2:nowin"
507,"2:nowin","2:nowin"
508,"2:nowin","2:nowin"
509,"2:nowin","2:nowin"
510,"2:nowin","2:nowin"
511,"2:nowin","2:nowin"
512,"2:nowin","1:won"
513,"2:nowin","2:nowin"
514,"2:nowin","2:nowin"
515,"2:nowin","2:nowin"
516,"2:nowin","2:nowin"
517,"2:nowin","2:nowin"
518,"2:nowin","1:won"
519,"2:nowin","2:nowin"
520,"2:nowin","2:nowin"
521,"2:nowin","2:nowin"
522,"2:nowin","1:won"
523,"2:nowin","2:nowin"
524,"2:nowin","2:nowin"
525,"2:nowin","2:nowin"
526,"2:nowin","2:nowin"
527,"2:nowin","2:nowin"
528,"2:nowin","2:nowin"
529,"2:nowin","2:nowin"
530,"2:nowin","2:nowin"
531,"2:nowin","2:nowin"
532,"2:nowin","1:won"
533,"2:nowin","2:nowin"
534,"2:nowin","2:nowin"
535,"2:nowin","2:nowin"
536,"2:nowin","2:nowin"
537,"2:nowin","1:won"
538,"2:nowin","2:nowin"
539,"2:nowin","2:nowin"
540,"2:nowin","2:nowin"
541,"2:nowin","1:won"
542,"2:nowin","2:nowin"
543,"2:nowin","1:won"
544,"2:nowin","2:nowin"
545,"2:nowin","2:nowin"
546,"2:nowin","1:won"
547,"2:nowin","2:nowin"
548,"2:nowin","1:won"
549,"2:nowin","2:nowin"
550,"2:nowin","2:nowin"
551,"2:nowin","2:nowin"
552,"2:nowin","2:nowin"
553,"2:nowin","2:nowin"
554,"2:nowin","2:nowin"
555,"2:nowin","2:nowin"
556,"2:nowin","2:nowin"
557,"2:nowin","1:won"
558,"2:nowin","2:nowin"
559,"2:nowin","1:won"
560,"2:nowin","2:nowin"
561,"2:nowin","2:nowin"
562,"2:nowin","2:nowin"
563,"2:nowin","2:nowin"
564,"2:nowin","1:won"
565,"2:nowin","2:nowin"
566,"2:nowin","2:nowin"
567,"2:nowin","1:won"
568,"2:nowin","1:won"
569,"2:nowin","2:nowin"
570,"2:nowin","2:nowin"
571,"2:nowin","2:nowin"
572,"2:nowin","1:won"
573,"2:nowin","2:nowin"
574,"2:nowin","2:nowin"
575,"2:nowin","2:nowin"
576,"2:nowin","2:nowin"
577,"2:nowin","1:won"
578,"2:nowin","2:nowin"
579,"2:nowin","2:nowin"
580,"2:nowin","2:nowin"
581,"2:nowin","2:nowin"
582,"2:nowin","2:nowin"
583,"2:nowin","2:nowin"
584,"2:nowin","2:nowin"
585,"2:nowin","2:nowin"
586,"2:nowin","2:nowin"
587,"2:nowin","2:nowin"
588,"2:nowin","2:nowin"
589,"2:nowin","2:nowin"
590,"2:nowin","2:nowin"
591,"2:nowin","2:nowin"
592,"2:nowin","2:nowin"
593,"2:nowin","1:won"
594,"2:nowin","2:nowin"
595,"2:nowin","2:nowin"
596,"2:nowin","2:nowin"
597,"2:nowin","1:won"
598,"2:nowin","1:won"
599,"2:nowin","2:nowin"
600,"2:nowin","1:won"
601,"2:nowin","2:nowin"
602,"2:nowin","2:nowin"
603,"2:nowin","1:won"
604,"2:nowin","2:nowin"
605,"2:nowin","2:nowin"
606,"2:nowin","2:nowin"
607,"2:nowin","2:nowin"
608,"2:nowin","2:nowin"
609,"2:nowin","2:nowin"
610,"2:nowin","2:nowin"
611,"2:nowin","2:nowin"
612,"2:nowin","2:nowin"
613,"2:nowin","2:nowin"
614,"2:nowin","2:nowin"
615,"2:nowin","2:nowin"
616,"2:nowin","2:nowin"
617,"2:nowin","1:won"
618,"2:nowin","2:nowin"
619,"2:nowin","2:nowin"
620,"2:nowin","2:nowin"
621,"2:nowin","2:nowin"
622,"2:nowin","1:won"
623,"2:nowin","2:nowin"
624,"2:nowin","2:nowin"
625,"2:nowin","2:nowin"
626,"2:nowin","2:nowin"
627,"2:nowin","2:nowin"
628,"2:nowin","1:won"
629,"2:nowin","2:nowin"
630,"2:nowin","2:nowin"
631,"2:nowin","1:won"
632,"2:nowin","2:nowin"
633,"2:nowin","1:won"
634,"2:nowin","2:nowin"
635,"2:nowin","1:won"
636,"2:nowin","2:nowin"
637,"2:nowin","2:nowin"
638,"2:nowin","2:nowin"
639,"2:nowin","2:nowin"
640,"2:nowin","2:nowin"
641,"1:won","1:won"
642,"1:won","1:won"
643,"1:won","1:won"
644,"1:won","1:won"
645,"1:won","1:won"
646,"1:won","1:won"
647,"1:won","1:won"
648,"1:won","1:won"
649,"1:won","1:won"
650,"1:won","1:won"
651,"1:won","2:nowin"
652,"1:won","1:won"
653,"1:won","1:won"
654,"1:won","1:won"
655,"1:won","1:won"
656,"1:won","2:nowin"
657,"1:won","1:won"
658,"1:won","2:nowin"
659,"1:won","1:won"
660,"1:won","1:won"
661,"1:won","1:won"
662,"1:won","1:won"
663,"1:won","1:won"
664,"1:won","1:won"
665,"1:won","2:nowin"
666,"1:won","1:won"
667,"1:won","1:won"
668,"1:won","1:won"
669,"1:won","1:won"
670,"1:won","1:won"
671,"1:won","2:nowin"
672,"1:won","1:won"
673,"1:won","2:nowin"
674,"1:won","1:won"
675,"1:won","1:won"
676,"1:won","1:won"
677,"1:won","1:won"
678,"1:won","1:won"
679,"1:won","1:won"
680,"1:won","1:won"
681,"1:won","1:won"
682,"1:won","1:won"
683,"1:won","1:won"
684,"1:won","2:nowin"
685,"1:won","1:won"
686,"1:won","1:won"
687,"1:won","2:nowin"
688,"1:won","1:won"
689,"1:won","1:won"
690,"1:won","1:won"
691,"1:won","1:won"
692,"1:won","1:won"
693,"1:won","1:won"
694,"1:won","1:won"
695,"1:won","1:won"
696,"1:won","1:won"
697,"1:won","1:won"
698,"1:won","1:won"
699,"1:won","2:nowin"
700,"1:won","1:won"
701,"1:won","1:won"
702,"1:won","1:won"
703,"1:won","1:won"
704,"1:won","1:won"
705,"1:won","1:won"
706,"1:won","1:won"
707,"1:won","1:won"
708,"1:won","1:won"
709,"1:won","1:won"
710,"1:won","1:won"
711,"1:won","1:won"
712,"1:won","1:won"
713,"1:won","1:won"
714,"1:won","2:nowin"
715,"1:won","1:won"
716,"1:won","1:won"
717,"1:won","1:won"
718,"1:won","1:won"
719,"1:won","1:won"
720,"1:won","1:won"
721,"1:won","1:won"
722,"1:won","1:won"
723,"1:won","1:won"
724,"1:won","1:won"
725,"1:won","1:won"
726,"1:won","1:won"
727,"1:won","1:won"
728,"1:won","1:won"
729,"1:won","1:won"
730,"1:won","1:won"
731,"1:won","1:won"
732,"1:won","1:won"
733,"1:won","1:won"
734,"1:won","1:won"
735,"1:won","1:won"
736,"1:won","1:won"
737,"1:won","1:won"
738,"1:won","1:won"
739,"1:won","1:won"
740,"1:won","1:won"
741,"1:won","1:won"
742,"1:won","1:won"
743,"1:won","1:won"
744,"1:won","1:won"
745,"1:won","1:won"
746,"1:won","1:won"
747,"1:won","1:won"
748,"1:won","1:won"
749,"1:won","1:won"
750,"1:won","1:won"
751,"1:won","1:won"
752,"1:won","1:won"
753,"1:won","1:won"
754,"1:won","1:won"
755,"1:won","1:won"
756,"1:won","2:nowin"
757,"1:won","1:won"
758,"1:won","1:won"
759,"1:won","1:won"
760,"1:won","1:won"
761,"1:won","1:won"
762,"1:won","1:won"
763,"1:won","1:won"
764,"1:won","1:won"
765,"1:won","1:won"
766,"1:won","1:won"
767,"1:won","1:won"
768,"1:won","1:won"
769,"1:won","1:won"
770,"1:won","1:won"
771,"1:won","1:won"
772,"1:won","1:won"
773,"1:won","1:won"
774,"1:won","1:won"
775,"1:won","1:won"
776,"1:won","1:won"
777,"1:won","1:won"
778,"1:won","1:won"
779,"1:won","1:won"
780,"1:won","1:won"
781,"1:won","1:won"
782,"1:won","1:won"
783,"1:won","2:nowin"
784,"1:won","1:won"
785,"1:won","1:won"
786,"1:won","1:won"
787,"1:won","1:won"
788,"1:won","1:won"
789,"1:won","2:nowin"
790,"1:won","1:won"
791,"1:won","1:won"
792,"1:won","1:won"
793,"1:won","1:won"
794,"1:won","2:nowin"
795,"1:won","2:nowin"
796,"1:won","1:won"
797,"1:won","1:won"
798,"1:won","1:won"
799,"1:won","1:won"
800,"1:won","1:won"
801,"1:won","1:won"
802,"1:won","1:won"
803,"1:won","1:won"
804,"1:won","1:won"
805,"1:won","1:won"
806,"1:won","1:won"
807,"1:won","1:won"
808,"2:nowin","2:nowin"
809,"2:nowin","2:nowin"
810,"2:nowin","2:nowin"
811,"2:nowin","2:nowin"
812,"2:nowin","2:nowin"
813,"2:nowin","1:won"
814,"2:nowin","2:nowin"
815,"2:nowin","1:won"
816,"2:nowin","2:nowin"
817,"2:nowin","2:nowin"
818,"2:nowin","2:nowin"
819,"2:nowin","1:won"
820,"2:nowin","2:nowin"
821,"2:nowin","2:nowin"
822,"2:nowin","2:nowin"
823,"2:nowin","2:nowin"
824,"2:nowin","2:nowin"
825,"2:nowin","2:nowin"
826,"2:nowin","2:nowin"
827,"2:nowin","2:nowin"
828,"2:nowin","2:nowin"
829,"2:nowin","2:nowin"
830,"2:nowin","2:nowin"
831,"2:nowin","2:nowin"
832,"2:nowin","2:nowin"
833,"2:nowin","2:nowin"
834,"2:nowin","1:won"
835,"2:nowin","1:won"
836,"2:nowin","2:nowin"
837,"2:nowin","2:nowin"
838,"2:nowin","2:nowin"
839,"2:nowin","1:won"
840,"2:nowin","2:nowin"
841,"2:nowin","2:nowin"
842,"2:nowin","2:nowin"
843,"2:nowin","2:nowin"
844,"2:nowin","2:nowin"
845,"2:nowin","2:nowin"
846,"2:nowin","2:nowin"
847,"2:nowin","2:nowin"
848,"2:nowin","2:nowin"
849,"2:nowin","2:nowin"
850,"2:nowin","2:nowin"
851,"2:nowin","2:nowin"
852,"2:nowin","2:nowin"
853,"2:nowin","2:nowin"
854,"2:nowin","2:nowin"
855,"2:nowin","2:nowin"
856,"2:nowin","2:nowin"
857,"2:nowin","2:nowin"
858,"2:nowin","2:nowin"
859,"2:nowin","2:nowin"
860,"2:nowin","2:nowin"
861,"2:nowin","2:nowin"
862,"2:nowin","2:nowin"
863,"2:nowin","2:nowin"
864,"2:nowin","1:won"
865,"2:nowin","1:won"
866,"2:nowin","2:nowin"
867,"2:nowin","2:nowin"
868,"2:nowin","2:nowin"
869,"2:nowin","2:nowin"
870,"2:nowin","2:nowin"
871,"2:nowin","1:won"
872,"2:nowin","2:nowin"
873,"2:nowin","2:nowin"
874,"2:nowin","2:nowin"
875,"2:nowin","1:won"
876,"2:nowin","2:nowin"
877,"2:nowin","2:nowin"
878,"2:nowin","2:nowin"
879,"2:nowin","2:nowin"
880,"2:nowin","2:nowin"
881,"2:nowin","2:nowin"
882,"2:nowin","2:nowin"
883,"2:nowin","2:nowin"
884,"2:nowin","1:won"
885,"2:nowin","2:nowin"
886,"2:nowin","2:nowin"
887,"2:nowin","2:nowin"
888,"2:nowin","2:nowin"
889,"2:nowin","2:nowin"
890,"2:nowin","2:nowin"
891,"2:nowin","2:nowin"
892,"2:nowin","2:nowin"
893,"2:nowin","2:nowin"
894,"2:nowin","2:nowin"
895,"2:nowin","2:nowin"
896,"2:nowin","2:nowin"
897,"2:nowin","2:nowin"
898,"2:nowin","2:nowin"
899,"2:nowin","1:won"
900,"2:nowin","2:nowin"
901,"2:nowin","2:nowin"
902,"2:nowin","2:nowin"
903,"2:nowin","2:nowin"
904,"2:nowin","2:nowin"
905,"2:nowin","2:nowin"
906,"2:nowin","2:nowin"
907,"2:nowin","2:nowin"
908,"2:nowin","2:nowin"
909,"2:nowin","2:nowin"
910,"2:nowin","2:nowin"
911,"2:nowin","2:nowin"
912,"2:nowin","2:nowin"
913,"2:nowin","1:won"
914,"2:nowin","2:nowin"
915,"2:nowin","1:won"
916,"2:nowin","2:nowin"
917,"2:nowin","1:won"
918,"2:nowin","2:nowin"
919,"2:nowin","1:won"
920,"2:nowin","2:nowin"
921,"2:nowin","2:nowin"
922,"2:nowin","2:nowin"
923,"2:nowin","1:won"
924,"2:nowin","2:nowin"
925,"2:nowin","2:nowin"
926,"2:nowin","2:nowin"
927,"2:nowin","2:nowin"
928,"2:nowin","1:won"
929,"2:nowin","2:nowin"
930,"2:nowin","1:won"
931,"2:nowin","2:nowin"
932,"2:nowin","2:nowin"
933,"2:nowin","2:nowin"
934,"2:nowin","2:nowin"
935,"2:nowin","2:nowin"
936,"2:nowin","2:nowin"
937,"2:nowin","2:nowin"
938,"2:nowin","2:nowin"
939,"2:nowin","2:nowin"
940,"2:nowin","1:won"
941,"2:nowin","2:nowin"
942,"2:nowin","2:nowin"
943,"2:nowin","2:nowin"
944,"2:nowin","2:nowin"
945,"2:nowin","2:nowin"
946,"2:nowin","2:nowin"
947,"2:nowin","1:won"
948,"2:nowin","2:nowin"
949,"2:nowin","2:nowin"
950,"2:nowin","2:nowin"
951,"2:nowin","1:won"
952,"2:nowin","2:nowin"
953,"2:nowin","2:nowin"
954,"2:nowin","2:nowin"
955,"2:nowin","1:won"
956,"2:nowin","2:nowin"
957,"2:nowin","2:nowin"
958,"2:nowin","2:nowin"
959,"2:nowin","2:nowin"
960,"2:nowin","2:nowin"
961,"1:won","1:won"
962,"1:won","1:won"
963,"1:won","1:won"
964,"1:won","1:won"
965,"1:won","1:won"
966,"1:won","1:won"
967,"1:won","1:won"
968,"1:won","1:won"
969,"1:won","1:won"
970,"1:won","1:won"
971,"1:won","1:won"
972,"1:won","1:won"
973,"1:won","1:won"
974,"1:won","1:won"
975,"1:won","1:won"
976,"1:won","1:won"
977,"1:won","1:won"
978,"1:won","1:won"
979,"1:won","1:won"
980,"1:won","1:won"
981,"1:won","1:won"
982,"1:won","1:won"
983,"1:won","2:nowin"
984,"1:won","1:won"
985,"1:won","1:won"
986,"1:won","1:won"
987,"1:won","1:won"
988,"1:won","1:won"
989,"1:won","1:won"
990,"1:won","1:won"
991,"1:won","1:won"
992,"1:won","1:won"
993,"1:won","1:won"
994,"1:won","1:won"
995,"1:won","1:won"
996,"1:won","1:won"
997,"1:won","1:won"
998,"1:won","1:won"
999,"1:won","1:won"
1000,"1:won","1:won"
1001,"1:won","1:won"
1002,"1:won","1:won"
1003,"1:won","1:won"
1004,"1:won","1:won"
1005,"1:won","1:won"
1006,"1:won","1:won"
1007,"1:won","1:won"
1008,"1:won","1:won"
1009,"1:won","1:won"
1010,"1:won","1:won"
1011,"1:won","1:won"
1012,"1:won","1:won"
1013,"1:won","1:won"
1014,"1:won","2:nowin"
1015,"1:won","2:nowin"
1016,"1:won","2:nowin"
1017,"1:won","1:won"
1018,"1:won","2:nowin"
1019,"1:won","1:won"
1020,"1:won","1:won"
1021,"1:won","1:won"
1022,"1:won","1:won"
1023,"1:won","1:won"
1024,"1:won","2:nowin"
1025,"1:won","1:won"
1026,"1:won","1:won"
1027,"1:won","1:won"
1028,"1:won","1:won"
1029,"1:won","1:won"
1030,"1:won","1:won"
1031,"1:won","2:nowin"
1032,"1:won","1:won"
1033,"1:won","1:won"
1034,"1:won","1:won"
1035,"1:won","1:won"
1036,"1:won","1:won"
1037,"1:won","1:won"
1038,"1:won","1:won"
1039,"1:won","1:won"
1040,"1:won","1:won"
1041,"1:won","1:won"
1042,"1:won","1:won"
1043,"1:won","1:won"
1044,"1:won","1:won"
1045,"1:won","1:won"
1046,"1:won","1:won"
1047,"1:won","1:won"
1048,"1:won","1:won"
1049,"1:won","1:won"
1050,"1:won","1:won"
1051,"1:won","1:won"
1052,"1:won","1:won"
1053,"1:won","1:won"
1054,"1:won","2:nowin"
1055,"1:won","1:won"
1056,"1:won","1:won"
1057,"1:won","1:won"
1058,"1:won","1:won"
1059,"1:won","1:won"
1060,"1:won","1:won"
1061,"1:won","1:won"
1062,"1:won","1:won"
1063,"1:won","1:won"
1064,"1:won","1:won"
1065,"1:won","1:won"
1066,"1:won","1:won"
1067,"1:won","1:won"
1068,"1:won","1:won"
1069,"1:won","1:won"
1070,"1:won","1:won"
1071,"1:won","1:won"
1072,"1:won","1:won"
1073,"1:won","1:won"
1074,"1:won","1:won"
1075,"1:won","1:won"
1076,"1:won","1:won"
1077,"1:won","1:won"
1078,"1:won","1:won"
1079,"1:won","1:won"
1080,"1:won","1:won"
1081,"1:won","1:won"
1082,"1:won","1:won"
1083,"1:won","1:won"
1084,"1:won","2:nowin"
1085,"1:won","1:won"
1086,"1:won","1:won"
1087,"1:won","1:won"
1088,"1:won","1:won"
1089,"1:won","1:won"
1090,"1:won","1:won"
1091,"1:won","1:won"
1092,"1:won","1:won"
1093,"1:won","1:won"
1094,"1:won","1:won"
1095,"1:won","1:won"
1096,"1:won","2:nowin"
1097,"1:won","1:won"
1098,"1:won","1:won"
1099,"1:won","1:won"
1100,"1:won","2:nowin"
1101,"1:won","1:won"
1102,"1:won","1:won"
1103,"1:won","2:nowin"
1104,"1:won","2:nowin"
1105,"1:won","1:won"
1106,"1:won","1:won"
1107,"1:won","2:nowin"
1108,"1:won","1:won"
1109,"1:won","1:won"
1110,"1:won","1:won"
1111,"1:won","1:won"
1112,"1:won","1:won"
1113,"1:won","1:won"
1114,"1:won","2:nowin"
1115,"1:won","1:won"
1116,"1:won","2:nowin"
1117,"1:won","1:won"
1118,"1:won","1:won"
1119,"1:won","1:won"
1120,"1:won","1:won"
1121,"1:won","1:won"
1122,"1:won","1:won"
1123,"1:won","1:won"
1124,"1:won","1:won"
1125,"1:won","1:won"
1126,"1:won","1:won"
1127,"1:won","1:won"
1128,"2:nowin","1:won"
1129,"2:nowin","2:nowin"
1130,"2:nowin","2:nowin"
1131,"2:nowin","2:nowin"
1132,"2:nowin","2:nowin"
1133,"2:nowin","2:nowin"
1134,"2:nowin","1:won"
1135,"2:nowin","2:nowin"
1136,"2:nowin","2:nowin"
1137,"2:nowin","2:nowin"
1138,"2:nowin","2:nowin"
1139,"2:nowin","2:nowin"
1140,"2:nowin","2:nowin"
1141,"2:nowin","1:won"
1142,"2:nowin","2:nowin"
1143,"2:nowin","2:nowin"
1144,"2:nowin","2:nowin"
1145,"2:nowin","2:nowin"
1146,"2:nowin","2:nowin"
1147,"2:nowin","2:nowin"
1148,"2:nowin","2:nowin"
1149,"2:nowin","2:nowin"
1150,"2:nowin","1:won"
1151,"2:nowin","2:nowin"
1152,"2:nowin","2:nowin"
1153,"2:nowin","2:nowin"
1154,"2:nowin","1:won"
1155,"2:nowin","2:nowin"
1156,"2:nowin","2:nowin"
1157,"2:nowin","2:nowin"
1158,"2:nowin","2:nowin"
1159,"2:nowin","2:nowin"
1160,"2:nowin","2:nowin"
1161,"2:nowin","2:nowin"
1162,"2:nowin","2:nowin"
1163,"2:nowin","1:won"
1164,"2:nowin","2:nowin"
1165,"2:nowin","2:nowin"
1166,"2:nowin","2:nowin"
1167,"2:nowin","2:nowin"
1168,"2:nowin","2:nowin"
1169,"2:nowin","2:nowin"
1170,"2:nowin","2:nowin"
1171,"2:nowin","2:nowin"
1172,"2:nowin","2:nowin"
1173,"2:nowin","2:nowin"
1174,"2:nowin","2:nowin"
1175,"2:nowin","2:nowin"
1176,"2:nowin","2:nowin"
1177,"2:nowin","1:won"
1178,"2:nowin","2:nowin"
1179,"2:nowin","1:won"
1180,"2:nowin","2:nowin"
1181,"2:nowin","1:won"
1182,"2:nowin","2:nowin"
1183,"2:nowin","2:nowin"
1184,"2:nowin","2:nowin"
1185,"2:nowin","2:nowin"
1186,"2:nowin","2:nowin"
1187,"2:nowin","1:won"
1188,"2:nowin","2:nowin"
1189,"2:nowin","2:nowin"
1190,"2:nowin","2:nowin"
1191,"2:nowin","2:nowin"
1192,"2:nowin","2:nowin"
1193,"2:nowin","1:won"
1194,"2:nowin","1:won"
1195,"2:nowin","2:nowin"
1196,"2:nowin","1:won"
1197,"2:nowin","2:nowin"
1198,"2:nowin","2:nowin"
1199,"2:nowin","2:nowin"
1200,"2:nowin","2:nowin"
1201,"2:nowin","2:nowin"
1202,"2:nowin","2:nowin"
1203,"2:nowin","2:nowin"
1204,"2:nowin","2:nowin"
1205,"2:nowin","2:nowin"
1206,"2:nowin","2:nowin"
1207,"2:nowin","1:won"
1208,"2:nowin","2:nowin"
1209,"2:nowin","2:nowin"
1210,"2:nowin","1:won"
1211,"2:nowin","2:nowin"
1212,"2:nowin","2:nowin"
1213,"2:nowin","2:nowin"
1214,"2:nowin","2:nowin"
1215,"2:nowin","2:nowin"
1216,"2:nowin","2:nowin"
1217,"2:nowin","2:nowin"
1218,"2:nowin","2:nowin"
1219,"2:nowin","2:nowin"
1220,"2:nowin","1:won"
1221,"2:nowin","2:nowin"
1222,"2:nowin","2:nowin"
1223,"2:nowin","2:nowin"
1224,"2:nowin","2:nowin"
1225,"2:nowin","1:won"
1226,"2:nowin","2:nowin"
1227,"2:nowin","2:nowin"
1228,"2:nowin","2:nowin"
1229,"2:nowin","2:nowin"
1230,"2:nowin","2:nowin"
1231,"2:nowin","2:nowin"
1232,"2:nowin","2:nowin"
1233,"2:nowin","2:nowin"
1234,"2:nowin","1:won"
1235,"2:nowin","2:nowin"
1236,"2:nowin","2:nowin"
1237,"2:nowin","2:nowin"
1238,"2:nowin","1:won"
1239,"2:nowin","2:nowin"
1240,"2:nowin","2:nowin"
1241,"2:nowin","2:nowin"
1242,"2:nowin","2:nowin"
1243,"2:nowin","2:nowin"
1244,"2:nowin","2:nowin"
1245,"2:nowin","2:nowin"
1246,"2:nowin","1:won"
1247,"2:nowin","2:nowin"
1248,"2:nowin","2:nowin"
1249,"2:nowin","2:nowin"
1250,"2:nowin","2:nowin"
1251,"2:nowin","1:won"
1252,"2:nowin","1:won"
1253,"2:nowin","2:nowin"
1254,"2:nowin","2:nowin"
1255,"2:nowin","2:nowin"
1256,"2:nowin","2:nowin"
1257,"2:nowin","1:won"
1258,"2:nowin","2:nowin"
1259,"2:nowin","2:nowin"
1260,"2:nowin","2:nowin"
1261,"2:nowin","2:nowin"
1262,"2:nowin","2:nowin"
1263,"2:nowin","2:nowin"
1264,"2:nowin","2:nowin"
1265,"2:nowin","1:won"
1266,"2:nowin","2:nowin"
1267,"2:nowin","2:nowin"
1268,"2:nowin","2:nowin"
1269,"2:nowin","1:won"
1270,"2:nowin","2:nowin"
1271,"2:nowin","2:nowin"
1272,"2:nowin","2:nowin"
1273,"2:nowin","2:nowin"
1274,"2:nowin","2:nowin"
1275,"2:nowin","2:nowin"
1276,"2:nowin","2:nowin"
1277,"2:nowin","2:nowin"
1278,"2:nowin","2:nowin"
1279,"2:nowin","2:nowin"
1280,"2:nowin","2:nowin"
1281,"1:won","1:won"
1282,"1:won","1:won"
1283,"1:won","1:won"
1284,"1:won","1:won"
1285,"1:won","1:won"
1286,"1:won","1:won"
1287,"1:won","1:won"
1288,"1:won","1:won"
1289,"1:won","1:won"
1290,"1:won","1:won"
1291,"1:won","1:won"
1292,"1:won","1:won"
1293,"1:won","1:won"
1294,"1:won","1:won"
1295,"1:won","2:nowin"
1296,"1:won","1:won"
1297,"1:won","1:won"
1298,"1:won","1:won"
1299,"1:won","1:won"
1300,"1:won","1:won"
1301,"1:won","1:won"
1302,"1:won","1:won"
1303,"1:won","1:won"
1304,"1:won","1:won"
1305,"1:won","1:won"
1306,"1:won","1:won"
1307,"1:won","1:won"
1308,"1:won","1:won"
1309,"1:won","1:won"
1310,"1:won","1:won"
1311,"1:won","1:won"
1312,"1:won","1:won"
1313,"1:won","1:won"
1314,"1:won","1:won"
1315,"1:won","1:won"
1316,"1:won","1:won"
1317,"1:won","1:won"
1318,"1:won","1:won"
1319,"1:won","1:won"
1320,"1:won","1:won"
1321,"1:won","1:won"
1322,"1:won","1:won"
1323,"1:won","2:nowin"
1324,"1:won","1:won"
1325,"1:won","1:won"
1326,"1:won","1:won"
1327,"1:won","1:won"
1328,"1:won","1:won"
1329,"1:won","1:won"
1330,"1:won","1:won"
1331,"1:won","1:won"
1332,"1:won","1:won"
1333,"1:won","1:won"
1334,"1:won","1:won"
1335,"1:won","1:won"
1336,"1:won","1:won"
1337,"1:won","1:won"
1338,"1:won","1:won"
1339,"1:won","1:won"
1340,"1:won","1:won"
1341,"1:won","1:won"
1342,"1:won","1:won"
1343,"1:won","2:nowin"
1344,"1:won","1:won"
1345,"1:won","1:won"
1346,"1:won","1:won"
1347,"1:won","1:won"
1348,"1:won","1:won"
1349,"1:won","1:won"
1350,"1:won","2:nowin"
1351,"1:won","1:won"
1352,"1:won","1:won"
1353,"1:won","2:nowin"
1354,"1:won","1:won"
1355,"1:won","1:won"
1356,"1:won","1:won"
1357,"1:won","1:won"
1358,"1:won","1:won"
1359,"1:won","1:won"
1360,"1:won","1:won"
1361,"1:won","1:won"
1362,"1:won","1:won"
1363,"1:won","1:won"
1364,"1:won","1:won"
1365,"1:won","1:won"
1366,"1:won","1:won"
1367,"1:won","1:won"
1368,"1:won","1:won"
1369,"1:won","1:won"
1370,"1:won","1:won"
1371,"1:won","1:won"
1372,"1:won","1:won"
1373,"1:won","1:won"
1374,"1:won","1:won"
1375,"1:won","1:won"
1376,"1:won","1:won"
1377,"1:won","2:nowin"
1378,"1:won","2:nowin"
1379,"1:won","1:won"
1380,"1:won","1:won"
1381,"1:won","1:won"
1382,"1:won","1:won"
1383,"1:won","2:nowin"
1384,"1:won","1:won"
1385,"1:won","1:won"
1386,"1:won","1:won"
1387,"1:won","1:won"
1388,"1:won","1:won"
1389,"1:won","1:won"
1390,"1:won","1:won"
1391,"1:won","1:won"
1392,"1:won","1:won"
1393,"1:won","1:won"
1394,"1:won","1:won"
1395,"1:won","2:nowin"
1396,"1:won","1:won"
1397,"1:won","1:won"
1398,"1:won","1:won"
1399,"1:won","1:won"
1400,"1:won","1:won"
1401,"1:won","1:won"
1402,"1:won","2:nowin"
1403,"1:won","1:won"
1404,"1:won","1:won"
1405,"1:won","1:won"
1406,"1:won","1:won"
1407,"1:won","1:won"
1408,"1:won","2:nowin"
1409,"1:won","1:won"
1410,"1:won","1:won"
1411,"1:won","1:won"
1412,"1:won","1:won"
1413,"1:won","1:won"
1414,"1:won","2:nowin"
1415,"1:won","1:won"
1416,"1:won","1:won"
1417,"1:won","1:won"
1418,"1:won","1:won"
1419,"1:won","1:won"
1420,"1:won","1:won"
1421,"1:won","1:won"
1422,"1:won","1:won"
1423,"1:won","1:won"
1424,"1:won","2:nowin"
1425,"1:won","1:won"
1426,"1:won","1:won"
1427,"1:won","1:won"
1428,"1:won","1:won"
1429,"1:won","1:won"
1430,"1:won","1:won"
1431,"1:won","1:won"
1432,"1:won","1:won"
1433,"1:won","1:won"
1434,"1:won","1:won"
1435,"1:won","1:won"
1436,"1:won","1:won"
1437,"1:won","2:nowin"
1438,"1:won","1:won"
1439,"1:won","1:won"
1440,"1:won","1:won"
1441,"1:won","1:won"
1442,"1:won","1:won"
1443,"1:won","1:won"
1444,"1:won","1:won"
1445,"1:won","1:won"
1446,"1:won","1:won"
1447,"1:won","1:won"
1448,"2:nowin","2:nowin"
1449,"2:nowin","2:nowin"
1450,"2:nowin","2:nowin"
1451,"2:nowin","1:won"
1452,"2:nowin","1:won"
1453,"2:nowin","2:nowin"
1454,"2:nowin","2:nowin"
1455,"2:nowin","2:nowin"
1456,"2:nowin","2:nowin"
1457,"2:nowin","2:nowin"
1458,"2:nowin","2:nowin"
1459,"2:nowin","2:nowin"
1460,"2:nowin","1:won"
1461,"2:nowin","2:nowin"
1462,"2:nowin","2:nowin"
1463,"2:nowin","2:nowin"
1464,"2:nowin","2:nowin"
1465,"2:nowin","1:won"
1466,"2:nowin","2:nowin"
1467,"2:nowin","2:nowin"
1468,"2:nowin","2:nowin"
1469,"2:nowin","2:nowin"
1470,"2:nowin","2:nowin"
1471,"2:nowin","1:won"
1472,"2:nowin","2:nowin"
1473,"2:nowin","2:nowin"
1474,"2:nowin","2:nowin"
1475,"2:nowin","2:nowin"
1476,"2:nowin","2:nowin"
1477,"2:nowin","2:nowin"
1478,"2:nowin","2:nowin"
1479,"2:nowin","2:nowin"
1480,"2:nowin","2:nowin"
1481,"2:nowin","2:nowin"
1482,"2:nowin","2:nowin"
1483,"2:nowin","2:nowin"
1484,"2:nowin","2:nowin"
1485,"2:nowin","2:nowin"
1486,"2:nowin","2:nowin"
1487,"2:nowin","2:nowin"
1488,"2:nowin","1:won"
1489,"2:nowin","2:nowin"
1490,"2:nowin","2:nowin"
1491,"2:nowin","2:nowin"
1492,"2:nowin","2:nowin"
1493,"2:nowin","2:nowin"
1494,"2:nowin","2:nowin"
1495,"2:nowin","1:won"
1496,"2:nowin","2:nowin"
1497,"2:nowin","1:won"
1498,"2:nowin","1:won"
1499,"2:nowin","2:nowin"
1500,"2:nowin","2:nowin"
1501,"2:nowin","2:nowin"
1502,"2:nowin","2:nowin"
1503,"2:nowin","2:nowin"
1504,"2:nowin","2:nowin"
1505,"2:nowin","2:nowin"
1506,"2:nowin","2:nowin"
1507,"2:nowin","2:nowin"
1508,"2:nowin","2:nowin"
1509,"2:nowin","2:nowin"
1510,"2:nowin","2:nowin"
1511,"2:nowin","2:nowin"
1512,"2:nowin","2:nowin"
1513,"2:nowin","2:nowin"
1514,"2:nowin","2:nowin"
1515,"2:nowin","1:won"
1516,"2:nowin","1:won"
1517,"2:nowin","2:nowin"
1518,"2:nowin","2:nowin"
1519,"2:nowin","2:nowin"
1520,"2:nowin","2:nowin"
1521,"2:nowin","2:nowin"
1522,"2:nowin","2:nowin"
1523,"2:nowin","2:nowin"
1524,"2:nowin","2:nowin"
1525,"2:nowin","1:won"
1526,"2:nowin","2:nowin"
1527,"2:nowin","2:nowin"
1528,"2:nowin","2:nowin"
1529,"2:nowin","2:nowin"
1530,"2:nowin","2:nowin"
1531,"2:nowin","1:won"
1532,"2:nowin","2:nowin"
1533,"2:nowin","2:nowin"
1534,"2:nowin","2:nowin"
1535,"2:nowin","2:nowin"
1536,"2:nowin","2:nowin"
1537,"2:nowin","2:nowin"
1538,"2:nowin","2:nowin"
1539,"2:nowin","2:nowin"
1540,"2:nowin","2:nowin"
1541,"2:nowin","2:nowin"
1542,"2:nowin","2:nowin"
1543,"2:nowin","2:nowin"
1544,"2:nowin","2:nowin"
1545,"2:nowin","2:nowin"
1546,"2:nowin","2:nowin"
1547,"2:nowin","1:won"
1548,"2:nowin","2:nowin"
1549,"2:nowin","2:nowin"
1550,"2:nowin","2:nowin"
1551,"2:nowin","2:nowin"
1552,"2:nowin","2:nowin"
1553,"2:nowin","2:nowin"
1554,"2:nowin","2:nowin"
1555,"2:nowin","2:nowin"
1556,"2:nowin","2:nowin"
1557,"2:nowin","2:nowin"
1558,"2:nowin","2:nowin"
1559,"2:nowin","2:nowin"
1560,"2:nowin","1:won"
1561,"2:nowin","2:nowin"
1562,"2:nowin","1:won"
1563,"2:nowin","2:nowin"
1564,"2:nowin","2:nowin"
1565,"2:nowin","2:nowin"
1566,"2:nowin","2:nowin"
1567,"2:nowin","1:won"
1568,"2:nowin","2:nowin"
1569,"2:nowin","1:won"
1570,"2:nowin","2:nowin"
1571,"2:nowin","1:won"
1572,"2:nowin","2:nowin"
1573,"2:nowin","2:nowin"
1574,"2:nowin","2:nowin"
1575,"2:nowin","2:nowin"
1576,"2:nowin","2:nowin"
1577,"2:nowin","2:nowin"
1578,"2:nowin","2:nowin"
1579,"2:nowin","2:nowin"
1580,"2:nowin","2:nowin"
1581,"2:nowin","2:nowin"
1582,"2:nowin","2:nowin"
1583,"2:nowin","1:won"
1584,"2:nowin","2:nowin"
1585,"2:nowin","2:nowin"
1586,"2:nowin","2:nowin"
1587,"2:nowin","2:nowin"
1588,"2:nowin","2:nowin"
1589,"2:nowin","2:nowin"
1590,"2:nowin","2:nowin"
1591,"2:nowin","2:nowin"
1592,"2:nowin","2:nowin"
1593,"2:nowin","2:nowin"
1594,"2:nowin","2:nowin"
1595,"2:nowin","1:won"
1596,"2:nowin","2:nowin"
1597,"2:nowin","1:won"
1598,"2:nowin","2:nowin"
1599,"2:nowin","1:won"
1600,"2:nowin","2:nowin"
1601,"1:won","1:won"
1602,"1:won","1:won"
1603,"1:won","1:won"
1604,"1:won","1:won"
1605,"1:won","1:won"
1606,"1:won","1:won"
1607,"1:won","1:won"
1608,"1:won","1:won"
1609,"1:won","1:won"
1610,"1:won","1:won"
1611,"1:won","1:won"
1612,"1:won","1:won"
1613,"1:won","1:won"
1614,"1:won","2:nowin"
1615,"1:won","1:won"
1616,"1:won","1:won"
1617,"1:won","1:won"
1618,"1:won","1:won"
1619,"1:won","1:won"
1620,"1:won","2:nowin"
1621,"1:won","1:won"
1622,"1:won","1:won"
1623,"1:won","1:won"
1624,"1:won","1:won"
1625,"1:won","1:won"
1626,"1:won","1:won"
1627,"1:won","2:nowin"
1628,"1:won","1:won"
1629,"1:won","1:won"
1630,"1:won","1:won"
1631,"1:won","1:won"
1632,"1:won","1:won"
1633,"1:won","1:won"
1634,"1:won","1:won"
1635,"1:won","1:won"
1636,"1:won","1:won"
1637,"1:won","1:won"
1638,"1:won","1:won"
1639,"1:won","1:won"
1640,"1:won","1:won"
1641,"1:won","1:won"
1642,"1:won","1:won"
1643,"1:won","1:won"
1644,"1:won","1:won"
1645,"1:won","1:won"
1646,"1:won","1:won"
1647,"1:won","1:won"
1648,"1:won","1:won"
1649,"1:won","1:won"
1650,"1:won","1:won"
1651,"1:won","1:won"
1652,"1:won","1:won"
1653,"1:won","1:won"
1654,"1:won","1:won"
1655,"1:won","1:won"
1656,"1:won","1:won"
1657,"1:won","1:won"
1658,"1:won","1:won"
1659,"1:won","1:won"
1660,"1:won","2:nowin"
1661,"1:won","1:won"
1662,"1:won","1:won"
1663,"1:won","1:won"
1664,"1:won","1:won"
1665,"1:won","1:won"
1666,"1:won","1:won"
1667,"1:won","1:won"
1668,"1:won","1:won"
1669,"1:won","1:won"
1670,"1:won","1:won"
1671,"1:won","1:won"
1672,"1:won","1:won"
1673,"1:won","1:won"
1674,"1:won","1:won"
1675,"1:won","2:nowin"
1676,"1:won","1:won"
1677,"1:won","1:won"
1678,"1:won","1:won"
1679,"1:won","1:won"
1680,"1:won","1:won"
1681,"1:won","1:won"
1682,"1:won","1:won"
1683,"1:won","1:won"
1684,"1:won","1:won"
1685,"1:won","2:nowin"
1686,"1:won","1:won"
1687,"1:won","2:nowin"
1688,"1:won","1:won"
1689,"1:won","1:won"
1690,"1:won","1:won"
1691,"1:won","1:won"
1692,"1:won","1:won"
1693,"1:won","1:won"
1694,"1:won","2:nowin"
1695,"1:won","2:nowin"
1696,"1:won","1:won"
1697,"1:won","2:nowin"
1698,"1:won","1:won"
1699,"1:won","1:won"
1700,"1:won","1:won"
1701,"1:won","1:won"
1702,"1:won","1:won"
1703,"1:won","2:nowin"
1704,"1:won","1:won"
1705,"1:won","1:won"
1706,"1:won","1:won"
1707,"1:won","2:nowin"
1708,"1:won","1:won"
1709,"1:won","1:won"
1710,"1:won","1:won"
1711,"1:won","1:won"
1712,"1:won","2:nowin"
1713,"1:won","1:won"
1714,"1:won","1:won"
1715,"1:won","1:won"
1716,"1:won","1:won"
1717,"1:won","1:won"
1718,"1:won","1:won"
1719,"1:won","1:won"
1720,"1:won","1:won"
1721,"1:won","1:won"
1722,"1:won","1:won"
1723,"1:won","1:won"
1724,"1:won","1:won"
1725,"1:won","1:won"
1726,"1:won","1:won"
1727,"1:won","1:won"
1728,"1:won","1:won"
1729,"1:won","1:won"
1730,"1:won","1:won"
1731,"1:won","1:won"
1732,"1:won","1:won"
1733,"1:won","1:won"
1734,"1:won","1:won"
1735,"1:won","1:won"
1736,"1:won","1:won"
1737,"1:won","1:won"
1738,"1:won","1:won"
1739,"1:won","1:won"
1740,"1:won","1:won"
1741,"1:won","1:won"
1742,"1:won","1:won"
1743,"1:won","1:won"
1744,"1:won","1:won"
1745,"1:won","1:won"
1746,"1:won","1:won"
1747,"1:won","1:won"
1748,"1:won","1:won"
1749,"1:won","1:won"
1750,"1:won","1:won"
1751,"1:won","1:won"
1752,"1:won","1:won"
1753,"1:won","1:won"
1754,"1:won","1:won"
1755,"1:won","1:won"
1756,"1:won","1:won"
1757,"1:won","1:won"
1758,"1:won","1:won"
1759,"1:won","1:won"
1760,"1:won","1:won"
1761,"1:won","2:nowin"
1762,"1:won","1:won"
1763,"1:won","1:won"
1764,"1:won","1:won"
1765,"1:won","1:won"
1766,"1:won","1:won"
1767,"1:won","1:won"
1768,"2:nowin","2:nowin"
1769,"2:nowin","2:nowin"
1770,"2:nowin","2:nowin"
1771,"2:nowin","2:nowin"
1772,"2:nowin","2:nowin"
1773,"2:nowin","2:nowin"
1774,"2:nowin","2:nowin"
1775,"2:nowin","2:nowin"
1776,"2:nowin","2:nowin"
1777,"2:nowin","2:nowin"
1778,"2:nowin","2:nowin"
1779,"2:nowin","2:nowin"
1780,"2:nowin","2:nowin"
1781,"2:nowin","2:nowin"
1782,"2:nowin","2:nowin"
1783,"2:nowin","2:nowin"
1784,"2:nowin","1:won"
1785,"2:nowin","2:nowin"
1786,"2:nowin","2:nowin"
1787,"2:nowin","2:nowin"
1788,"2:nowin","2:nowin"
1789,"2:nowin","2:nowin"
1790,"2:nowin","2:nowin"
1791,"2:nowin","2:nowin"
1792,"2:nowin","2:nowin"
1793,"2:nowin","2:nowin"
1794,"2:nowin","2:nowin"
1795,"2:nowin","2:nowin"
1796,"2:nowin","2:nowin"
1797,"2:nowin","1:won"
1798,"2:nowin","2:nowin"
1799,"2:nowin","2:nowin"
1800,"2:nowin","2:nowin"
1801,"2:nowin","2:nowin"
1802,"2:nowin","1:won"
1803,"2:nowin","1:won"
1804,"2:nowin","2:nowin"
1805,"2:nowin","2:nowin"
1806,"2:nowin","2:nowin"
1807,"2:nowin","2:nowin"
1808,"2:nowin","2:nowin"
1809,"2:nowin","2:nowin"
1810,"2:nowin","2:nowin"
1811,"2:nowin","2:nowin"
1812,"2:nowin","2:nowin"
1813,"2:nowin","2:nowin"
1814,"2:nowin","2:nowin"
1815,"2:nowin","2:nowin"
1816,"2:nowin","2:nowin"
1817,"2:nowin","2:nowin"
1818,"2:nowin","2:nowin"
1819,"2:nowin","2:nowin"
1820,"2:nowin","2:nowin"
1821,"2:nowin","2:nowin"
1822,"2:nowin","2:nowin"
1823,"2:nowin","2:nowin"
1824,"2:nowin","2:nowin"
1825,"2:nowin","2:nowin"
1826,"2:nowin","2:nowin"
1827,"2:nowin","2:nowin"
1828,"2:nowin","2:nowin"
1829,"2:nowin","1:won"
1830,"2:nowin","2:nowin"
1831,"2:nowin","2:nowin"
1832,"2:nowin","2:nowin"
1833,"2:nowin","2:nowin"
1834,"2:nowin","2:nowin"
1835,"2:nowin","1:won"
1836,"2:nowin","2:nowin"
1837,"2:nowin","2:nowin"
1838,"2:nowin","2:nowin"
1839,"2:nowin","2:nowin"
1840,"2:nowin","2:nowin"
1841,"2:nowin","2:nowin"
1842,"2:nowin","2:nowin"
1843,"2:nowin","1:won"
1844,"2:nowin","2:nowin"
1845,"2:nowin","2:nowin"
1846,"2:nowin","2:nowin"
1847,"2:nowin","2:nowin"
1848,"2:nowin","2:nowin"
1849,"2:nowin","2:nowin"
1850,"2:nowin","2:nowin"
1851,"2:nowin","1:won"
1852,"2:nowin","2:nowin"
1853,"2:nowin","2:nowin"
1854,"2:nowin","2:nowin"
1855,"2:nowin","1:won"
1856,"2:nowin","2:nowin"
1857,"2:nowin","2:nowin"
1858,"2:nowin","2:nowin"
1859,"2:nowin","2:nowin"
1860,"2:nowin","2:nowin"
1861,"2:nowin","2:nowin"
1862,"2:nowin","2:nowin"
1863,"2:nowin","2:nowin"
1864,"2:nowin","2:nowin"
1865,"2:nowin","2:nowin"
1866,"2:nowin","1:won"
1867,"2:nowin","1:won"
1868,"2:nowin","2:nowin"
1869,"2:nowin","2:nowin"
1870,"2:nowin","2:nowin"
1871,"2:nowin","2:nowin"
1872,"2:nowin","2:nowin"
1873,"2:nowin","2:nowin"
1874,"2:nowin","2:nowin"
1875,"2:nowin","2:nowin"
1876,"2:nowin","2:nowin"
1877,"2:nowin","2:nowin"
1878,"2:nowin","2:nowin"
1879,"2:nowin","1:won"
1880,"2:nowin","2:nowin"
1881,"2:nowin","2:nowin"
1882,"2:nowin","2:nowin"
1883,"2:nowin","2:nowin"
1884,"2:nowin","2:nowin"
1885,"2:nowin","2:nowin"
1886,"2:nowin","1:won"
1887,"2:nowin","2:nowin"
1888,"2:nowin","2:nowin"
1889,"2:nowin","2:nowin"
1890,"2:nowin","2:nowin"
1891,"2:nowin","2:nowin"
1892,"2:nowin","1:won"
1893,"2:nowin","2:nowin"
1894,"2:nowin","2:nowin"
1895,"2:nowin","2:nowin"
1896,"2:nowin","2:nowin"
1897,"2:nowin","2:nowin"
1898,"2:nowin","2:nowin"
1899,"2:nowin","1:won"
1900,"2:nowin","1:won"
1901,"2:nowin","2:nowin"
1902,"2:nowin","2:nowin"
1903,"2:nowin","2:nowin"
1904,"2:nowin","2:nowin"
1905,"2:nowin","2:nowin"
1906,"2:nowin","1:won"
1907,"2:nowin","2:nowin"
1908,"2:nowin","2:nowin"
1909,"2:nowin","2:nowin"
1910,"2:nowin","2:nowin"
1911,"2:nowin","2:nowin"
1912,"2:nowin","2:nowin"
1913,"2:nowin","2:nowin"
1914,"2:nowin","2:nowin"
1915,"2:nowin","2:nowin"
1916,"2:nowin","2:nowin"
1917,"2:nowin","2:nowin"
1918,"2:nowin","2:nowin"
1919,"2:nowin","2:nowin"
1920,"2:nowin","2:nowin"
1921,"1:won","1:won"
1922,"1:won","1:won"
1923,"1:won","1:won"
1924,"1:won","1:won"
1925,"1:won","1:won"
1926,"1:won","1:won"
1927,"1:won","1:won"
1928,"1:won","1:won"
1929,"1:won","1:won"
1930,"1:won","1:won"
1931,"1:won","1:won"
1932,"1:won","1:won"
1933,"1:won","1:won"
1934,"1:won","1:won"
1935,"1:won","1:won"
1936,"1:won","1:won"
1937,"1:won","1:won"
1938,"1:won","1:won"
1939,"1:won","1:won"
1940,"1:won","2:nowin"
1941,"1:won","1:won"
1942,"1:won","1:won"
1943,"1:won","2:nowin"
1944,"1:won","1:won"
1945,"1:won","1:won"
1946,"1:won","1:won"
1947,"1:won","1:won"
1948,"1:won","1:won"
1949,"1:won","1:won"
1950,"1:won","2:nowin"
1951,"1:won","2:nowin"
1952,"1:won","2:nowin"
1953,"1:won","1:won"
1954,"1:won","1:won"
1955,"1:won","1:won"
1956,"1:won","1:won"
1957,"1:won","1:won"
1958,"1:won","1:won"
1959,"1:won","1:won"
1960,"1:won","1:won"
1961,"1:won","1:won"
1962,"1:won","1:won"
1963,"1:won","1:won"
1964,"1:won","1:won"
1965,"1:won","1:won"
1966,"1:won","2:nowin"
1967,"1:won","2:nowin"
1968,"1:won","1:won"
1969,"1:won","2:nowin"
1970,"1:won","1:won"
1971,"1:won","1:won"
1972,"1:won","2:nowin"
1973,"1:won","1:won"
1974,"1:won","1:won"
1975,"1:won","1:won"
1976,"1:won","1:won"
1977,"1:won","1:won"
1978,"1:won","2:nowin"
1979,"1:won","1:won"
1980,"1:won","2:nowin"
1981,"1:won","1:won"
1982,"1:won","1:won"
1983,"1:won","1:won"
1984,"1:won","1:won"
1985,"1:won","1:won"
1986,"1:won","1:won"
1987,"1:won","1:won"
1988,"1:won","1:won"
1989,"1:won","2:nowin"
1990,"1:won","1:won"
1991,"1:won","1:won"
1992,"1:won","1:won"
1993,"1:won","1:won"
1994,"1:won","1:won"
1995,"1:won","1:won"
1996,"1:won","1:won"
1997,"1:won","1:won"
1998,"1:won","1:won"
1999,"1:won","1:won"
2000,"1:won","1:won"
2001,"1:won","1:won"
2002,"1:won","1:won"
2003,"1:won","1:won"
2004,"1:won","1:won"
2005,"1:won","1:won"
2006,"1:won","1:won"
2007,"1:won","1:won"
2008,"1:won","2:nowin"
2009,"1:won","1:won"
2010,"1:won","1:won"
2011,"1:won","1:won"
2012,"1:won","1:won"
2013,"1:won","1:won"
2014,"1:won","1:won"
2015,"1:won","1:won"
2016,"1:won","1:won"
2017,"1:won","1:won"
2018,"1:won","1:won"
2019,"1:won","1:won"
2020,"1:won","1:won"
2021,"1:won","1:won"
2022,"1:won","2:nowin"
2023,"1:won","1:won"
2024,"1:won","1:won"
2025,"1:won","1:won"
2026,"1:won","1:won"
2027,"1:won","1:won"
2028,"1:won","1:won"
2029,"1:won","2:nowin"
2030,"1:won","1:won"
2031,"1:won","1:won"
2032,"1:won","1:won"
2033,"1:won","1:won"
2034,"1:won","1:won"
2035,"1:won","1:won"
2036,"1:won","1:won"
2037,"1:won","1:won"
2038,"1:won","1:won"
2039,"1:won","1:won"
2040,"1:won","1:won"
2041,"1:won","1:won"
2042,"1:won","1:won"
2043,"1:won","1:won"
2044,"1:won","1:won"
2045,"1:won","2:nowin"
2046,"1:won","1:won"
2047,"1:won","2:nowin"
2048,"1:won","1:won"
2049,"1:won","2:nowin"
2050,"1:won","1:won"
2051,"1:won","1:won"
2052,"1:won","1:won"
2053,"1:won","1:won"
2054,"1:won","1:won"
2055,"1:won","1:won"
2056,"1:won","1:won"
2057,"1:won","2:nowin"
2058,"1:won","1:won"
2059,"1:won","1:won"
2060,"1:won","1:won"
2061,"1:won","1:won"
2062,"1:won","1:won"
2063,"1:won","1:won"
2064,"1:won","1:won"
2065,"1:won","1:won"
2066,"1:won","1:won"
2067,"1:won","1:won"
2068,"1:won","1:won"
2069,"1:won","1:won"
2070,"1:won","1:won"
2071,"1:won","1:won"
2072,"1:won","1:won"
2073,"1:won","1:won"
2074,"1:won","1:won"
2075,"1:won","1:won"
2076,"1:won","1:won"
2077,"1:won","1:won"
2078,"1:won","1:won"
2079,"1:won","1:won"
2080,"1:won","1:won"
2081,"1:won","2:nowin"
2082,"1:won","1:won"
2083,"1:won","1:won"
2084,"1:won","1:won"
2085,"1:won","1:won"
2086,"1:won","1:won"
2087,"1:won","1:won"
2088,"2:nowin","2:nowin"
2089,"2:nowin","2:nowin"
2090,"2:nowin","2:nowin"
2091,"2:nowin","2:nowin"
2092,"2:nowin","2:nowin"
2093,"2:nowin","1:won"
2094,"2:nowin","2:nowin"
2095,"2:nowin","2:nowin"
2096,"2:nowin","2:nowin"
2097,"2:nowin","2:nowin"
2098,"2:nowin","1:won"
2099,"2:nowin","2:nowin"
2100,"2:nowin","2:nowin"
2101,"2:nowin","2:nowin"
2102,"2:nowin","2:nowin"
2103,"2:nowin","2:nowin"
2104,"2:nowin","2:nowin"
2105,"2:nowin","2:nowin"
2106,"2:nowin","2:nowin"
2107,"2:nowin","2:nowin"
2108,"2:nowin","2:nowin"
2109,"2:nowin","2:nowin"
2110,"2:nowin","2:nowin"
2111,"2:nowin","2:nowin"
2112,"2:nowin","2:nowin"
2113,"2:nowin","2:nowin"
2114,"2:nowin","2:nowin"
2115,"2:nowin","2:nowin"
2116,"2:nowin","1:won"
2117,"2:nowin","2:nowin"
2118,"2:nowin","2:nowin"
2119,"2:nowin","1:won"
2120,"2:nowin","2:nowin"
2121,"2:nowin","2:nowin"
2122,"2:nowin","2:nowin"
2123,"2:nowin","2:nowin"
2124,"2:nowin","2:nowin"
2125,"2:nowin","2:nowin"
2126,"2:nowin","2:nowin"
2127,"2:nowin","2:nowin"
2128,"2:nowin","2:nowin"
2129,"2:nowin","2:nowin"
2130,"2:nowin","2:nowin"
2131,"2:nowin","2:nowin"
2132,"2:nowin","2:nowin"
2133,"2:nowin","2:nowin"
2134,"2:nowin","2:nowin"
2135,"2:nowin","1:won"
2136,"2:nowin","2:nowin"
2137,"2:nowin","2:nowin"
2138,"2:nowin","1:won"
2139,"2:nowin","2:nowin"
2140,"2:nowin","2:nowin"
2141,"2:nowin","2:nowin"
2142,"2:nowin","2:nowin"
2143,"2:nowin","2:nowin"
2144,"2:nowin","2:nowin"
2145,"2:nowin","2:nowin"
2146,"2:nowin","2:nowin"
2147,"2:nowin","2:nowin"
2148,"2:nowin","2:nowin"
2149,"2:nowin","2:nowin"
2150,"2:nowin","2:nowin"
2151,"2:nowin","2:nowin"
2152,"2:nowin","2:nowin"
2153,"2:nowin","2:nowin"
2154,"2:nowin","2:nowin"
2155,"2:nowin","2:nowin"
2156,"2:nowin","2:nowin"
2157,"2:nowin","2:nowin"
2158,"2:nowin","2:nowin"
2159,"2:nowin","2:nowin"
2160,"2:nowin","1:won"
2161,"2:nowin","2:nowin"
2162,"2:nowin","2:nowin"
2163,"2:nowin","2:nowin"
2164,"2:nowin","1:won"
2165,"2:nowin","2:nowin"
2166,"2:nowin","2:nowin"
2167,"2:nowin","2:nowin"
2168,"2:nowin","2:nowin"
2169,"2:nowin","2:nowin"
2170,"2:nowin","2:nowin"
2171,"2:nowin","2:nowin"
2172,"2:nowin","2:nowin"
2173,"2:nowin","2:nowin"
2174,"2:nowin","2:nowin"
2175,"2:nowin","2:nowin"
2176,"2:nowin","2:nowin"
2177,"2:nowin","2:nowin"
2178,"2:nowin","2:nowin"
2179,"2:nowin","2:nowin"
2180,"2:nowin","2:nowin"
2181,"2:nowin","2:nowin"
2182,"2:nowin","2:nowin"
2183,"2:nowin","2:nowin"
2184,"2:nowin","1:won"
2185,"2:nowin","1:won"
2186,"2:nowin","2:nowin"
2187,"2:nowin","2:nowin"
2188,"2:nowin","2:nowin"
2189,"2:nowin","2:nowin"
2190,"2:nowin","2:nowin"
2191,"2:nowin","2:nowin"
2192,"2:nowin","2:nowin"
2193,"2:nowin","2:nowin"
2194,"2:nowin","2:nowin"
2195,"2:nowin","2:nowin"
2196,"2:nowin","2:nowin"
2197,"2:nowin","2:nowin"
2198,"2:nowin","2:nowin"
2199,"2:nowin","2:nowin"
2200,"2:nowin","2:nowin"
2201,"2:nowin","2:nowin"
2202,"2:nowin","2:nowin"
2203,"2:nowin","2:nowin"
2204,"2:nowin","1:won"
2205,"2:nowin","2:nowin"
2206,"2:nowin","2:nowin"
2207,"2:nowin","2:nowin"
2208,"2:nowin","2:nowin"
2209,"2:nowin","2:nowin"
2210,"2:nowin","2:nowin"
2211,"2:nowin","2:nowin"
2212,"2:nowin","2:nowin"
2213,"2:nowin","2:nowin"
2214,"2:nowin","1:won"
2215,"2:nowin","2:nowin"
2216,"2:nowin","2:nowin"
2217,"2:nowin","2:nowin"
2218,"2:nowin","2:nowin"
2219,"2:nowin","2:nowin"
2220,"2:nowin","2:nowin"
2221,"2:nowin","2:nowin"
2222,"2:nowin","1:won"
2223,"2:nowin","2:nowin"
2224,"2:nowin","1:won"
2225,"2:nowin","2:nowin"
2226,"2:nowin","2:nowin"
2227,"2:nowin","2:nowin"
2228,"2:nowin","1:won"
2229,"2:nowin","2:nowin"
2230,"2:nowin","2:nowin"
2231,"2:nowin","2:nowin"
2232,"2:nowin","2:nowin"
2233,"2:nowin","2:nowin"
2234,"2:nowin","2:nowin"
2235,"2:nowin","2:nowin"
2236,"2:nowin","2:nowin"
2237,"2:nowin","2:nowin"
2238,"2:nowin","2:nowin"
2239,"2:nowin","2:nowin"
2240,"1:won","2:nowin"
2241,"1:won","1:won"
2242,"1:won","1:won"
2243,"1:won","1:won"
2244,"1:won","1:won"
2245,"1:won","1:won"
2246,"1:won","2:nowin"
2247,"1:won","2:nowin"
2248,"1:won","1:won"
2249,"1:won","1:won"
2250,"1:won","2:nowin"
2251,"1:won","1:won"
2252,"1:won","1:won"
2253,"1:won","1:won"
2254,"1:won","2:nowin"
2255,"1:won","1:won"
2256,"1:won","1:won"
2257,"1:won","1:won"
2258,"1:won","1:won"
2259,"1:won","1:won"
2260,"1:won","1:won"
2261,"1:won","1:won"
2262,"1:won","1:won"
2263,"1:won","1:won"
2264,"1:won","1:won"
2265,"1:won","1:won"
2266,"1:won","1:won"
2267,"1:won","1:won"
2268,"1:won","1:won"
2269,"1:won","1:won"
2270,"1:won","1:won"
2271,"1:won","2:nowin"
2272,"1:won","1:won"
2273,"1:won","1:won"
2274,"1:won","1:won"
2275,"1:won","1:won"
2276,"1:won","1:won"
2277,"1:won","1:won"
2278,"1:won","1:won"
2279,"1:won","1:won"
2280,"1:won","1:won"
2281,"1:won","1:won"
2282,"1:won","1:won"
2283,"1:won","2:nowin"
2284,"1:won","1:won"
2285,"1:won","2:nowin"
2286,"1:won","1:won"
2287,"1:won","1:won"
2288,"1:won","1:won"
2289,"1:won","1:won"
2290,"1:won","1:won"
2291,"1:won","1:won"
2292,"1:won","1:won"
2293,"1:won","1:won"
2294,"1:won","1:won"
2295,"1:won","1:won"
2296,"1:won","1:won"
2297,"1:won","2:nowin"
2298,"1:won","1:won"
2299,"1:won","1:won"
2300,"1:won","1:won"
2301,"1:won","1:won"
2302,"1:won","1:won"
2303,"1:won","1:won"
2304,"1:won","1:won"
2305,"1:won","2:nowin"
2306,"1:won","1:won"
2307,"1:won","1:won"
2308,"1:won","1:won"
2309,"1:won","1:won"
2310,"1:won","1:won"
2311,"1:won","1:won"
2312,"1:won","1:won"
2313,"1:won","1:won"
2314,"1:won","1:won"
2315,"1:won","1:won"
2316,"1:won","1:won"
2317,"1:won","2:nowin"
2318,"1:won","1:won"
2319,"1:won","1:won"
2320,"1:won","1:won"
2321,"1:won","2:nowin"
2322,"1:won","1:won"
2323,"1:won","1:won"
2324,"1:won","1:won"
2325,"1:won","1:won"
2326,"1:won","1:won"
2327,"1:won","1:won"
2328,"1:won","1:won"
2329,"1:won","1:won"
2330,"1:won","1:won"
2331,"1:won","2:nowin"
2332,"1:won","1:won"
2333,"1:won","2:nowin"
2334,"1:won","1:won"
2335,"1:won","1:won"
2336,"1:won","1:won"
2337,"1:won","1:won"
2338,"1:won","1:won"
2339,"1:won","1:won"
2340,"1:won","1:won"
2341,"1:won","1:won"
2342,"1:won","1:won"
2343,"1:won","1:won"
2344,"1:won","1:won"
2345,"1:won","1:won"
2346,"1:won","1:won"
2347,"1:won","1:won"
2348,"1:won","1:won"
2349,"1:won","1:won"
2350,"1:won","1:won"
2351,"1:won","2:nowin"
2352,"1:won","1:won"
2353,"1:won","1:won"
2354,"1:won","1:won"
2355,"1:won","1:won"
2356,"1:won","1:won"
2357,"1:won","2:nowin"
2358,"1:won","2:nowin"
2359,"1:won","1:won"
2360,"1:won","1:won"
2361,"1:won","1:won"
2362,"1:won","1:won"
2363,"1:won","1:won"
2364,"1:won","1:won"
2365,"1:won","1:won"
2366,"1:won","1:won"
2367,"1:won","1:won"
2368,"1:won","1:won"
2369,"1:won","1:won"
2370,"1:won","1:won"
2371,"1:won","1:won"
2372,"1:won","1:won"
2373,"1:won","1:won"
2374,"1:won","2:nowin"
2375,"1:won","1:won"
2376,"1:won","1:won"
2377,"1:won","1:won"
2378,"1:won","1:won"
2379,"1:won","1:won"
2380,"1:won","1:won"
2381,"1:won","1:won"
2382,"1:won","1:won"
2383,"1:won","1:won"
2384,"1:won","1:won"
2385,"1:won","1:won"
2386,"1:won","1:won"
2387,"1:won","1:won"
2388,"1:won","2:nowin"
2389,"1:won","1:won"
2390,"1:won","1:won"
2391,"1:won","1:won"
2392,"1:won","1:won"
2393,"1:won","1:won"
2394,"1:won","1:won"
2395,"1:won","1:won"
2396,"1:won","1:won"
2397,"1:won","1:won"
2398,"1:won","1:won"
2399,"1:won","1:won"
2400,"1:won","1:won"
2401,"1:won","1:won"
2402,"1:won","1:won"
2403,"1:won","1:won"
2404,"1:won","1:won"
2405,"1:won","1:won"
2406,"1:won","1:won"
2407,"2:nowin","1:won"
2408,"2:nowin","2:nowin"
2409,"2:nowin","2:nowin"
2410,"2:nowin","2:nowin"
2411,"2:nowin","2:nowin"
2412,"2:nowin","2:nowin"
2413,"2:nowin","2:nowin"
2414,"2:nowin","2:nowin"
2415,"2:nowin","2:nowin"
2416,"2:nowin","2:nowin"
2417,"2:nowin","2:nowin"
2418,"2:nowin","2:nowin"
2419,"2:nowin","2:nowin"
2420,"2:nowin","2:nowin"
2421,"2:nowin","2:nowin"
2422,"2:nowin","1:won"
2423,"2:nowin","2:nowin"
2424,"2:nowin","2:nowin"
2425,"2:nowin","2:nowin"
2426,"2:nowin","2:nowin"
2427,"2:nowin","2:nowin"
2428,"2:nowin","2:nowin"
2429,"2:nowin","2:nowin"
2430,"2:nowin","2:nowin"
2431,"2:nowin","2:nowin"
2432,"2:nowin","2:nowin"
2433,"2:nowin","2:nowin"
2434,"2:nowin","2:nowin"
2435,"2:nowin","1:won"
2436,"2:nowin","2:nowin"
2437,"2:nowin","2:nowin"
2438,"2:nowin","1:won"
2439,"2:nowin","2:nowin"
2440,"2:nowin","2:nowin"
2441,"2:nowin","1:won"
2442,"2:nowin","2:nowin"
2443,"2:nowin","2:nowin"
2444,"2:nowin","2:nowin"
2445,"2:nowin","2:nowin"
2446,"2:nowin","2:nowin"
2447,"2:nowin","1:won"
2448,"2:nowin","2:nowin"
2449,"2:nowin","2:nowin"
2450,"2:nowin","2:nowin"
2451,"2:nowin","2:nowin"
2452,"2:nowin","2:nowin"
2453,"2:nowin","2:nowin"
2454,"2:nowin","1:won"
2455,"2:nowin","2:nowin"
2456,"2:nowin","1:won"
2457,"2:nowin","2:nowin"
2458,"2:nowin","2:nowin"
2459,"2:nowin","2:nowin"
2460,"2:nowin","1:won"
2461,"2:nowin","2:nowin"
2462,"2:nowin","2:nowin"
2463,"2:nowin","1:won"
2464,"2:nowin","2:nowin"
2465,"2:nowin","2:nowin"
2466,"2:nowin","2:nowin"
2467,"2:nowin","2:nowin"
2468,"2:nowin","2:nowin"
2469,"2:nowin","2:nowin"
2470,"2:nowin","2:nowin"
2471,"2:nowin","2:nowin"
2472,"2:nowin","2:nowin"
2473,"2:nowin","2:nowin"
2474,"2:nowin","2:nowin"
2475,"2:nowin","2:nowin"
2476,"2:nowin","2:nowin"
2477,"2:nowin","2:nowin"
2478,"2:nowin","2:nowin"
2479,"2:nowin","2:nowin"
2480,"2:nowin","2:nowin"
2481,"2:nowin","2:nowin"
2482,"2:nowin","2:nowin"
2483,"2:nowin","1:won"
2484,"2:nowin","2:nowin"
2485,"2:nowin","1:won"
2486,"2:nowin","2:nowin"
2487,"2:nowin","2:nowin"
2488,"2:nowin","2:nowin"
2489,"2:nowin","2:nowin"
2490,"2:nowin","2:nowin"
2491,"2:nowin","2:nowin"
2492,"2:nowin","1:won"
2493,"2:nowin","1:won"
2494,"2:nowin","2:nowin"
2495,"2:nowin","2:nowin"
2496,"2:nowin","2:nowin"
2497,"2:nowin","2:nowin"
2498,"2:nowin","2:nowin"
2499,"2:nowin","2:nowin"
2500,"2:nowin","2:nowin"
2501,"2:nowin","2:nowin"
2502,"2:nowin","2:nowin"
2503,"2:nowin","1:won"
2504,"2:nowin","2:nowin"
2505,"2:nowin","2:nowin"
2506,"2:nowin","2:nowin"
2507,"2:nowin","2:nowin"
2508,"2:nowin","2:nowin"
2509,"2:nowin","2:nowin"
2510,"2:nowin","2:nowin"
2511,"2:nowin","2:nowin"
2512,"2:nowin","2:nowin"
2513,"2:nowin","2:nowin"
2514,"2:nowin","2:nowin"
2515,"2:nowin","2:nowin"
2516,"2:nowin","2:nowin"
2517,"2:nowin","2:nowin"
2518,"2:nowin","2:nowin"
2519,"2:nowin","1:won"
2520,"2:nowin","1:won"
2521,"2:nowin","1:won"
2522,"2:nowin","2:nowin"
2523,"2:nowin","2:nowin"
2524,"2:nowin","2:nowin"
2525,"2:nowin","2:nowin"
2526,"2:nowin","2:nowin"
2527,"2:nowin","2:nowin"
2528,"2:nowin","2:nowin"
2529,"2:nowin","2:nowin"
2530,"2:nowin","2:nowin"
2531,"2:nowin","2:nowin"
2532,"2:nowin","1:won"
2533,"2:nowin","2:nowin"
2534,"2:nowin","2:nowin"
2535,"2:nowin","2:nowin"
2536,"2:nowin","2:nowin"
2537,"2:nowin","2:nowin"
2538,"2:nowin","2:nowin"
2539,"2:nowin","2:nowin"
2540,"2:nowin","2:nowin"
2541,"2:nowin","2:nowin"
2542,"2:nowin","2:nowin"
2543,"2:nowin","2:nowin"
2544,"2:nowin","2:nowin"
2545,"2:nowin","2:nowin"
2546,"2:nowin","2:nowin"
2547,"2:nowin","2:nowin"
2548,"2:nowin","1:won"
2549,"2:nowin","2:nowin"
2550,"2:nowin","2:nowin"
2551,"2:nowin","2:nowin"
2552,"2:nowin","2:nowin"
2553,"2:nowin","2:nowin"
2554,"2:nowin","2:nowin"
2555,"2:nowin","1:won"
2556,"2:nowin","1:won"
2557,"2:nowin","2:nowin"
2558,"2:nowin","2:nowin"
2559,"1:won","1:won"
2560,"1:won","1:won"
2561,"1:won","1:won"
2562,"1:won","1:won"
2563,"1:won","1:won"
2564,"1:won","1:won"
2565,"1:won","1:won"
2566,"1:won","1:won"
2567,"1:won","1:won"
2568,"1:won","2:nowin"
2569,"1:won","1:won"
2570,"1:won","1:won"
2571,"1:won","1:won"
2572,"1:won","1:won"
2573,"1:won","1:won"
2574,"1:won","2:nowin"
2575,"1:won","1:won"
2576,"1:won","1:won"
2577,"1:won","1:won"
2578,"1:won","1:won"
2579,"1:won","1:won"
2580,"1:won","1:won"
2581,"1:won","1:won"
2582,"1:won","1:won"
2583,"1:won","1:won"
2584,"1:won","1:won"
2585,"1:won","1:won"
2586,"1:won","2:nowin"
2587,"1:won","1:won"
2588,"1:won","1:won"
2589,"1:won","2:nowin"
2590,"1:won","1:won"
2591,"1:won","1:won"
2592,"1:won","2:nowin"
2593,"1:won","1:won"
2594,"1:won","2:nowin"
2595,"1:won","1:won"
2596,"1:won","1:won"
2597,"1:won","2:nowin"
2598,"1:won","2:nowin"
2599,"1:won","2:nowin"
2600,"1:won","1:won"
2601,"1:won","1:won"
2602,"1:won","1:won"
2603,"1:won","1:won"
2604,"1:won","1:won"
2605,"1:won","1:won"
2606,"1:won","1:won"
2607,"1:won","1:won"
2608,"1:won","2:nowin"
2609,"1:won","1:won"
2610,"1:won","2:nowin"
2611,"1:won","1:won"
2612,"1:won","2:nowin"
2613,"1:won","1:won"
2614,"1:won","1:won"
2615,"1:won","1:won"
2616,"1:won","2:nowin"
2617,"1:won","2:nowin"
2618,"1:won","1:won"
2619,"1:won","1:won"
2620,"1:won","1:won"
2621,"1:won","1:won"
2622,"1:won","1:won"
2623,"1:won","1:won"
2624,"1:won","1:won"
2625,"1:won","1:won"
2626,"1:won","1:won"
2627,"1:won","1:won"
2628,"1:won","1:won"
2629,"1:won","1:won"
2630,"1:won","1:won"
2631,"1:won","1:won"
2632,"1:won","1:won"
2633,"1:won","1:won"
2634,"1:won","2:nowin"
2635,"1:won","1:won"
2636,"1:won","1:won"
2637,"1:won","1:won"
2638,"1:won","1:won"
2639,"1:won","1:won"
2640,"1:won","1:won"
2641,"1:won","2:nowin"
2642,"1:won","1:won"
2643,"1:won","2:nowin"
2644,"1:won","1:won"
2645,"1:won","1:won"
2646,"1:won","1:won"
2647,"1:won","1:won"
2648,"1:won","1:won"
2649,"1:won","1:won"
2650,"1:won","1:won"
2651,"1:won","1:won"
2652,"1:won","1:won"
2653,"1:won","1:won"
2654,"1:won","1:won"
2655,"1:won","1:won"
2656,"1:won","1:won"
2657,"1:won","1:won"
2658,"1:won","1:won"
2659,"1:won","1:won"
2660,"1:won","1:won"
2661,"1:won","1:won"
2662,"1:won","1:won"
2663,"1:won","2:nowin"
2664,"1:won","1:won"
2665,"1:won","1:won"
2666,"1:won","1:won"
2667,"1:won","1:won"
2668,"1:won","1:won"
2669,"1:won","1:won"
2670,"1:won","2:nowin"
2671,"1:won","1:won"
2672,"1:won","1:won"
2673,"1:won","2:nowin"
2674,"1:won","2:nowin"
2675,"1:won","1:won"
2676,"1:won","1:won"
2677,"1:won","1:won"
2678,"1:won","1:won"
2679,"1:won","1:won"
2680,"1:won","1:won"
2681,"1:won","1:won"
2682,"1:won","1:won"
2683,"1:won","1:won"
2684,"1:won","1:won"
2685,"1:won","2:nowin"
2686,"1:won","1:won"
2687,"1:won","1:won"
2688,"1:won","1:won"
2689,"1:won","1:won"
2690,"1:won","1:won"
2691,"1:won","1:won"
2692,"1:won","1:won"
2693,"1:won","1:won"
2694,"1:won","1:won"
2695,"1:won","1:won"
2696,"1:won","1:won"
2697,"1:won","1:won"
2698,"1:won","2:nowin"
2699,"1:won","1:won"
2700,"1:won","1:won"
2701,"1:won","1:won"
2702,"1:won","1:won"
2703,"1:won","1:won"
2704,"1:won","1:won"
2705,"1:won","1:won"
2706,"1:won","1:won"
2707,"1:won","1:won"
2708,"1:won","1:won"
2709,"1:won","1:won"
2710,"1:won","1:won"
2711,"1:won","1:won"
2712,"1:won","1:won"
2713,"1:won","1:won"
2714,"1:won","1:won"
2715,"1:won","1:won"
2716,"1:won","1:won"
2717,"1:won","1:won"
2718,"1:won","1:won"
2719,"1:won","1:won"
2720,"1:won","1:won"
2721,"1:won","1:won"
2722,"1:won","1:won"
2723,"1:won","1:won"
2724,"1:won","1:won"
2725,"1:won","1:won"
2726,"2:nowin","2:nowin"
2727,"2:nowin","2:nowin"
2728,"2:nowin","2:nowin"
2729,"2:nowin","2:nowin"
2730,"2:nowin","2:nowin"
2731,"2:nowin","2:nowin"
2732,"2:nowin","2:nowin"
2733,"2:nowin","2:nowin"
2734,"2:nowin","1:won"
2735,"2:nowin","1:won"
2736,"2:nowin","2:nowin"
2737,"2:nowin","1:won"
2738,"2:nowin","2:nowin"
2739,"2:nowin","2:nowin"
2740,"2:nowin","1:won"
2741,"2:nowin","1:won"
2742,"2:nowin","2:nowin"
2743,"2:nowin","2:nowin"
2744,"2:nowin","2:nowin"
2745,"2:nowin","2:nowin"
2746,"2:nowin","2:nowin"
2747,"2:nowin","2:nowin"
2748,"2:nowin","2:nowin"
2749,"2:nowin","2:nowin"
2750,"2:nowin","2:nowin"
2751,"2:nowin","2:nowin"
2752,"2:nowin","2:nowin"
2753,"2:nowin","1:won"
2754,"2:nowin","2:nowin"
2755,"2:nowin","2:nowin"
2756,"2:nowin","2:nowin"
2757,"2:nowin","2:nowin"
2758,"2:nowin","2:nowin"
2759,"2:nowin","2:nowin"
2760,"2:nowin","2:nowin"
2761,"2:nowin","2:nowin"
2762,"2:nowin","2:nowin"
2763,"2:nowin","1:won"
2764,"2:nowin","2:nowin"
2765,"2:nowin","2:nowin"
2766,"2:nowin","2:nowin"
2767,"2:nowin","2:nowin"
2768,"2:nowin","1:won"
2769,"2:nowin","2:nowin"
2770,"2:nowin","2:nowin"
2771,"2:nowin","2:nowin"
2772,"2:nowin","1:won"
2773,"2:nowin","2:nowin"
2774,"2:nowin","2:nowin"
2775,"2:nowin","2:nowin"
2776,"2:nowin","2:nowin"
2777,"2:nowin","2:nowin"
2778,"2:nowin","2:nowin"
2779,"2:nowin","2:nowin"
2780,"2:nowin","2:nowin"
2781,"2:nowin","2:nowin"
2782,"2:nowin","2:nowin"
2783,"2:nowin","2:nowin"
2784,"2:nowin","2:nowin"
2785,"2:nowin","2:nowin"
2786,"2:nowin","2:nowin"
2787,"2:nowin","2:nowin"
2788,"2:nowin","2:nowin"
2789,"2:nowin","2:nowin"
2790,"2:nowin","2:nowin"
2791,"2:nowin","2:nowin"
2792,"2:nowin","2:nowin"
2793,"2:nowin","1:won"
2794,"2:nowin","2:nowin"
2795,"2:nowin","1:won"
2796,"2:nowin","2:nowin"
2797,"2:nowin","2:nowin"
2798,"2:nowin","2:nowin"
2799,"2:nowin","2:nowin"
2800,"2:nowin","1:won"
2801,"2:nowin","2:nowin"
2802,"2:nowin","1:won"
2803,"2:nowin","2:nowin"
2804,"2:nowin","2:nowin"
2805,"2:nowin","2:nowin"
2806,"2:nowin","2:nowin"
2807,"2:nowin","2:nowin"
2808,"2:nowin","2:nowin"
2809,"2:nowin","2:nowin"
2810,"2:nowin","1:won"
2811,"2:nowin","2:nowin"
2812,"2:nowin","2:nowin"
2813,"2:nowin","2:nowin"
2814,"2:nowin","2:nowin"
2815,"2:nowin","2:nowin"
2816,"2:nowin","2:nowin"
2817,"2:nowin","2:nowin"
2818,"2:nowin","2:nowin"
2819,"2:nowin","2:nowin"
2820,"2:nowin","1:won"
2821,"2:nowin","2:nowin"
2822,"2:nowin","2:nowin"
2823,"2:nowin","2:nowin"
2824,"2:nowin","2:nowin"
2825,"2:nowin","2:nowin"
2826,"2:nowin","2:nowin"
2827,"2:nowin","2:nowin"
2828,"2:nowin","2:nowin"
2829,"2:nowin","2:nowin"
2830,"2:nowin","2:nowin"
2831,"2:nowin","1:won"
2832,"2:nowin","2:nowin"
2833,"2:nowin","2:nowin"
2834,"2:nowin","2:nowin"
2835,"2:nowin","2:nowin"
2836,"2:nowin","2:nowin"
2837,"2:nowin","2:nowin"
2838,"2:nowin","2:nowin"
2839,"2:nowin","2:nowin"
2840,"2:nowin","2:nowin"
2841,"2:nowin","2:nowin"
2842,"2:nowin","2:nowin"
2843,"2:nowin","2:nowin"
2844,"2:nowin","2:nowin"
2845,"2:nowin","2:nowin"
2846,"2:nowin","2:nowin"
2847,"2:nowin","2:nowin"
2848,"2:nowin","2:nowin"
2849,"2:nowin","2:nowin"
2850,"2:nowin","2:nowin"
2851,"2:nowin","2:nowin"
2852,"2:nowin","2:nowin"
2853,"2:nowin","2:nowin"
2854,"2:nowin","2:nowin"
2855,"2:nowin","2:nowin"
2856,"2:nowin","2:nowin"
2857,"2:nowin","1:won"
2858,"2:nowin","1:won"
2859,"2:nowin","2:nowin"
2860,"2:nowin","2:nowin"
2861,"2:nowin","2:nowin"
2862,"2:nowin","2:nowin"
2863,"2:nowin","2:nowin"
2864,"2:nowin","2:nowin"
2865,"2:nowin","2:nowin"
2866,"2:nowin","2:nowin"
2867,"2:nowin","2:nowin"
2868,"2:nowin","2:nowin"
2869,"2:nowin","2:nowin"
2870,"2:nowin","1:won"
2871,"2:nowin","2:nowin"
2872,"2:nowin","2:nowin"
2873,"2:nowin","2:nowin"
2874,"2:nowin","2:nowin"
2875,"2:nowin","1:won"
2876,"2:nowin","1:won"
2877,"2:nowin","2:nowin"
2878,"1:won","1:won"
2879,"1:won","1:won"
2880,"1:won","1:won"
2881,"1:won","1:won"
2882,"1:won","1:won"
2883,"1:won","1:won"
2884,"1:won","1:won"
2885,"1:won","1:won"
2886,"1:won","1:won"
2887,"1:won","1:won"
2888,"1:won","1:won"
2889,"1:won","1:won"
2890,"1:won","1:won"
2891,"1:won","1:won"
2892,"1:won","1:won"
2893,"1:won","1:won"
2894,"1:won","1:won"
2895,"1:won","1:won"
2896,"1:won","1:won"
2897,"1:won","1:won"
2898,"1:won","2:nowin"
2899,"1:won","1:won"
2900,"1:won","1:won"
2901,"1:won","1:won"
2902,"1:won","1:won"
2903,"1:won","1:won"
2904,"1:won","1:won"
2905,"1:won","1:won"
2906,"1:won","2:nowin"
2907,"1:won","1:won"
2908,"1:won","1:won"
2909,"1:won","1:won"
2910,"1:won","1:won"
2911,"1:won","2:nowin"
2912,"1:won","2:nowin"
2913,"1:won","1:won"
2914,"1:won","1:won"
2915,"1:won","1:won"
2916,"1:won","1:won"
2917,"1:won","1:won"
2918,"1:won","1:won"
2919,"1:won","1:won"
2920,"1:won","2:nowin"
2921,"1:won","1:won"
2922,"1:won","1:won"
2923,"1:won","1:won"
2924,"1:won","1:won"
2925,"1:won","1:won"
2926,"1:won","1:won"
2927,"1:won","1:won"
2928,"1:won","1:won"
2929,"1:won","2:nowin"
2930,"1:won","1:won"
2931,"1:won","1:won"
2932,"1:won","1:won"
2933,"1:won","1:won"
2934,"1:won","1:won"
2935,"1:won","1:won"
2936,"1:won","1:won"
2937,"1:won","1:won"
2938,"1:won","1:won"
2939,"1:won","1:won"
2940,"1:won","2:nowin"
2941,"1:won","1:won"
2942,"1:won","1:won"
2943,"1:won","1:won"
2944,"1:won","2:nowin"
2945,"1:won","1:won"
2946,"1:won","1:won"
2947,"1:won","1:won"
2948,"1:won","1:won"
2949,"1:won","2:nowin"
2950,"1:won","1:won"
2951,"1:won","2:nowin"
2952,"1:won","1:won"
2953,"1:won","2:nowin"
2954,"1:won","1:won"
2955,"1:won","1:won"
2956,"1:won","1:won"
2957,"1:won","1:won"
2958,"1:won","1:won"
2959,"1:won","1:won"
2960,"1:won","1:won"
2961,"1:won","2:nowin"
2962,"1:won","1:won"
2963,"1:won","1:won"
2964,"1:won","1:won"
2965,"1:won","1:won"
2966,"1:won","1:won"
2967,"1:won","1:won"
2968,"1:won","1:won"
2969,"1:won","1:won"
2970,"1:won","1:won"
2971,"1:won","1:won"
2972,"1:won","1:won"
2973,"1:won","1:won"
2974,"1:won","1:won"
2975,"1:won","1:won"
2976,"1:won","1:won"
2977,"1:won","1:won"
2978,"1:won","1:won"
2979,"1:won","2:nowin"
2980,"1:won","1:won"
2981,"1:won","1:won"
2982,"1:won","1:won"
2983,"1:won","2:nowin"
2984,"1:won","1:won"
2985,"1:won","1:won"
2986,"1:won","1:won"
2987,"1:won","2:nowin"
2988,"1:won","1:won"
2989,"1:won","1:won"
2990,"1:won","1:won"
2991,"1:won","1:won"
2992,"1:won","1:won"
2993,"1:won","1:won"
2994,"1:won","2:nowin"
2995,"1:won","2:nowin"
2996,"1:won","1:won"
2997,"1:won","1:won"
2998,"1:won","1:won"
2999,"1:won","1:won"
3000,"1:won","1:won"
3001,"1:won","1:won"
3002,"1:won","1:won"
3003,"1:won","1:won"
3004,"1:won","1:won"
3005,"1:won","1:won"
3006,"1:won","1:won"
3007,"1:won","1:won"
3008,"1:won","1:won"
3009,"1:won","2:nowin"
3010,"1:won","1:won"
3011,"1:won","1:won"
3012,"1:won","1:won"
3013,"1:won","2:nowin"
3014,"1:won","1:won"
3015,"1:won","1:won"
3016,"1:won","1:won"
3017,"1:won","1:won"
3018,"1:won","1:won"
3019,"1:won","1:won"
3020,"1:won","2:nowin"
3021,"1:won","1:won"
3022,"1:won","2:nowin"
3023,"1:won","1:won"
3024,"1:won","1:won"
3025,"1:won","1:won"
3026,"1:won","1:won"
3027,"1:won","1:won"
3028,"1:won","1:won"
3029,"1:won","1:won"
3030,"1:won","1:won"
3031,"1:won","1:won"
3032,"1:won","1:won"
3033,"1:won","1:won"
3034,"1:won","1:won"
3035,"1:won","1:won"
3036,"1:won","1:won"
3037,"1:won","1:won"
3038,"1:won","1:won"
3039,"1:won","1:won"
3040,"1:won","1:won"
3041,"1:won","1:won"
3042,"1:won","1:won"
3043,"1:won","1:won"
3044,"2:nowin","1:won"
3045,"2:nowin","1:won"
3046,"2:nowin","2:nowin"
3047,"2:nowin","2:nowin"
3048,"2:nowin","2:nowin"
3049,"2:nowin","2:nowin"
3050,"2:nowin","2:nowin"
3051,"2:nowin","2:nowin"
3052,"2:nowin","2:nowin"
3053,"2:nowin","2:nowin"
3054,"2:nowin","2:nowin"
3055,"2:nowin","2:nowin"
3056,"2:nowin","2:nowin"
3057,"2:nowin","2:nowin"
3058,"2:nowin","2:nowin"
3059,"2:nowin","2:nowin"
3060,"2:nowin","1:won"
3061,"2:nowin","1:won"
3062,"2:nowin","1:won"
3063,"2:nowin","2:nowin"
3064,"2:nowin","2:nowin"
3065,"2:nowin","2:nowin"
3066,"2:nowin","2:nowin"
3067,"2:nowin","2:nowin"
3068,"2:nowin","2:nowin"
3069,"2:nowin","2:nowin"
3070,"2:nowin","2:nowin"
3071,"2:nowin","2:nowin"
3072,"2:nowin","2:nowin"
3073,"2:nowin","2:nowin"
3074,"2:nowin","2:nowin"
3075,"2:nowin","2:nowin"
3076,"2:nowin","2:nowin"
3077,"2:nowin","2:nowin"
3078,"2:nowin","2:nowin"
3079,"2:nowin","2:nowin"
3080,"2:nowin","2:nowin"
3081,"2:nowin","2:nowin"
3082,"2:nowin","2:nowin"
3083,"2:nowin","2:nowin"
3084,"2:nowin","2:nowin"
3085,"2:nowin","2:nowin"
3086,"2:nowin","2:nowin"
3087,"2:nowin","2:nowin"
3088,"2:nowin","2:nowin"
3089,"2:nowin","2:nowin"
3090,"2:nowin","2:nowin"
3091,"2:nowin","2:nowin"
3092,"2:nowin","2:nowin"
3093,"2:nowin","2:nowin"
3094,"2:nowin","2:nowin"
3095,"2:nowin","2:nowin"
3096,"2:nowin","2:nowin"
3097,"2:nowin","2:nowin"
3098,"2:nowin","2:nowin"
3099,"2:nowin","1:won"
3100,"2:nowin","2:nowin"
3101,"2:nowin","2:nowin"
3102,"2:nowin","2:nowin"
3103,"2:nowin","2:nowin"
3104,"2:nowin","2:nowin"
3105,"2:nowin","2:nowin"
3106,"2:nowin","2:nowin"
3107,"2:nowin","2:nowin"
3108,"2:nowin","2:nowin"
3109,"2:nowin","2:nowin"
3110,"2:nowin","2:nowin"
3111,"2:nowin","2:nowin"
3112,"2:nowin","2:nowin"
3113,"2:nowin","2:nowin"
3114,"2:nowin","2:nowin"
3115,"2:nowin","2:nowin"
3116,"2:nowin","2:nowin"
3117,"2:nowin","2:nowin"
3118,"2:nowin","2:nowin"
3119,"2:nowin","1:won"
3120,"2:nowin","2:nowin"
3121,"2:nowin","2:nowin"
3122,"2:nowin","2:nowin"
3123,"2:nowin","2:nowin"
3124,"2:nowin","2:nowin"
3125,"2:nowin","2:nowin"
3126,"2:nowin","2:nowin"
3127,"2:nowin","2:nowin"
3128,"2:nowin","2:nowin"
3129,"2:nowin","1:won"
3130,"2:nowin","2:nowin"
3131,"2:nowin","2:nowin"
3132,"2:nowin","2:nowin"
3133,"2:nowin","2:nowin"
3134,"2:nowin","2:nowin"
3135,"2:nowin","2:nowin"
3136,"2:nowin","2:nowin"
3137,"2:nowin","2:nowin"
3138,"2:nowin","2:nowin"
3139,"2:nowin","2:nowin"
3140,"2:nowin","2:nowin"
3141,"2:nowin","2:nowin"
3142,"2:nowin","2:nowin"
3143,"2:nowin","2:nowin"
3144,"2:nowin","2:nowin"
3145,"2:nowin","2:nowin"
3146,"2:nowin","2:nowin"
3147,"2:nowin","2:nowin"
3148,"2:nowin","2:nowin"
3149,"2:nowin","2:nowin"
3150,"2:nowin","2:nowin"
3151,"2:nowin","2:nowin"
3152,"2:nowin","2:nowin"
3153,"2:nowin","2:nowin"
3154,"2:nowin","2:nowin"
3155,"2:nowin","1:won"
3156,"2:nowin","2:nowin"
3157,"2:nowin","2:nowin"
3158,"2:nowin","2:nowin"
3159,"2:nowin","2:nowin"
3160,"2:nowin","2:nowin"
3161,"2:nowin","2:nowin"
3162,"2:nowin","2:nowin"
3163,"2:nowin","1:won"
3164,"2:nowin","2:nowin"
3165,"2:nowin","2:nowin"
3166,"2:nowin","2:nowin"
3167,"2:nowin","2:nowin"
3168,"2:nowin","2:nowin"
3169,"2:nowin","2:nowin"
3170,"2:nowin","2:nowin"
3171,"2:nowin","1:won"
3172,"2:nowin","2:nowin"
3173,"2:nowin","2:nowin"
3174,"2:nowin","2:nowin"
3175,"2:nowin","2:nowin"
3176,"2:nowin","1:won"
3177,"2:nowin","2:nowin"
3178,"2:nowin","2:nowin"
3179,"2:nowin","1:won"
3180,"2:nowin","2:nowin"
3181,"2:nowin","1:won"
3182,"2:nowin","2:nowin"
3183,"2:nowin","2:nowin"
3184,"2:nowin","2:nowin"
3185,"2:nowin","2:nowin"
3186,"2:nowin","2:nowin"
3187,"2:nowin","2:nowin"
3188,"2:nowin","1:won"
3189,"2:nowin","2:nowin"
3190,"2:nowin","1:won"
3191,"2:nowin","2:nowin"
3192,"2:nowin","1:won"
3193,"2:nowin","2:nowin"
3194,"2:nowin","1:won"
3195,"2:nowin","2:nowin"
3196,"2:nowin","2:nowin"
